timestamp,symbol,price,size,notional,exchange_or_ats,trade_condition,relative_volume,price_level_cumulative_volume,dp_pct,window,accumulation_distribution_slope,cost_zone_position,large_distribution,floor_support,source
2026-08-18T04:00:00-04:00,MU,981.0,36076,35626465.3,,,,958,,1m,,,,,QuantData dark-flow; session price levels from dark-pool-levels
2026-08-18T04:01:00-04:00,MU,980.56,46332,45674893.78,,,,66,,1m,,,,,QuantData dark-flow; session price levels from dark-pool-levels
2026-08-18T04:02:00-04:00,MU,988.0,1814,1776461.17,,,,1625,,1m,,,,,QuantData dark-flow; session price levels from dark-pool-levels
2026-08-18T04:03:00-04:00,MU,975.36,5030,4926202.95,,,,1000,,1m,,,,,QuantData dark-flow; session price levels from dark-pool-levels
2026-08-18T04:04:00-04:00,MU,975.3,3163,3085305.98,,,,998,,1m,,,,,QuantData dark-flow; session price levels from dark-pool-levels
2026-08-18T04:05:00-04:00,MU,974.2,1505,1465349.88,,,,2050,,1m,,,,,QuantData dark-flow; session price levels from dark-pool-levels
2026-08-18T04:06:00-04:00,MU,975.69,4488,4371869.54,,,,192,,1m,,,,,QuantData dark-flow; session price levels from dark-pool-levels
2026-08-18T04:07:00-04:00,MU,971.35,4403,4317220.3,,,,4043,,1m,,,,,QuantData dark-flow; session price levels from dark-pool-levels
2026-08-18T04:08:00-04:00,MU,974.78,1254,1219808.25,,,,1845,,1m,,,,,QuantData dark-flow; session price levels from dark-pool-levels
2026-08-18T04:09:00-04:00,MU,973.65,1110,1081015.63,,,,1125,,1m,,,,,QuantData dark-flow; session price levels from dark-pool-levels
2026-08-18T04:10:00-04:00,MU,972.0,789,766593.5,,,,11154,,1m,,,,,QuantData dark-flow; session price levels from dark-pool-levels
2026-08-18T04:11:00-04:00,MU,972.43,929,904815.68,,,,783,,1m,,,,,QuantData dark-flow; session price levels from dark-pool-levels
2026-08-18T04:12:00-04:00,MU,974.62,799,777943.79,,,,1797,,1m,,,,,QuantData dark-flow; session price levels from dark-pool-levels
2026-08-18T04:13:00-04:00,MU,972.85,485,472564.67,,,,2227,,1m,,,,,QuantData dark-flow; session price levels from dark-pool-levels
2026-08-18T04:14:00-04:00,MU,972.49,1713,1667062.29,,,,1026,,1m,,,,,QuantData dark-flow; session price levels from dark-pool-levels
2026-08-18T04:15:00-04:00,MU,973.01,1331,1295585.14,,,,1072,,1m,,,,,QuantData dark-flow; session price levels from dark-pool-levels
2026-08-18T04:16:00-04:00,MU,973.4,133,129404.37,,,,1054,,1m,,,,,QuantData dark-flow; session price levels from dark-pool-levels
2026-08-18T04:17:00-04:00,MU,972.46,468,455481.18,,,,1606,,1m,,,,,QuantData dark-flow; session price levels from dark-pool-levels
2026-08-18T04:18:00-04:00,MU,973.02,1558,1515125.39,,,,1880,,1m,,,,,QuantData dark-flow; session price levels from dark-pool-levels
2026-08-18T04:19:00-04:00,MU,972.5,759,738486.61,,,,5891,,1m,,,,,QuantData dark-flow; session price levels from dark-pool-levels
2026-08-18T04:20:00-04:00,MU,970.5,2708,2631204.13,,,,3865,,1m,,,,,QuantData dark-flow; session price levels from dark-pool-levels
2026-08-18T04:21:00-04:00,MU,966.55,4857,4698832.82,,,,1133,,1m,,,,,QuantData dark-flow; session price levels from dark-pool-levels
2026-08-18T04:22:00-04:00,MU,967.35,5386,5205397.67,,,,2720,,1m,,,,,QuantData dark-flow; session price levels from dark-pool-levels
2026-08-18T04:23:00-04:00,MU,967.06,1782,1724310.67,,,,697,,1m,,,,,QuantData dark-flow; session price levels from dark-pool-levels
2026-08-18T04:24:00-04:00,MU,967.0,1285,1242860.92,,,,23404,,1m,,,,,QuantData dark-flow; session price levels from dark-pool-levels
2026-08-18T04:25:00-04:00,MU,967.48,1392,1345515.93,,,,2038,,1m,,,,,QuantData dark-flow; session price levels from dark-pool-levels
2026-08-18T04:26:00-04:00,MU,967.14,1166,1128152.39,,,,4267,,1m,,,,,QuantData dark-flow; session price levels from dark-pool-levels
2026-08-18T04:27:00-04:00,MU,968.9,1854,1795730.75,,,,4333,,1m,,,,,QuantData dark-flow; session price levels from dark-pool-levels
2026-08-18T04:28:00-04:00,MU,968.01,217,210177.42,,,,1832,,1m,,,,,QuantData dark-flow; session price levels from dark-pool-levels
2026-08-18T04:29:00-04:00,MU,968.0,304,294158.4,,,,15078,,1m,,,,,QuantData dark-flow; session price levels from dark-pool-levels
2026-08-18T04:30:00-04:00,MU,967.97,488,472599.96,,,,229,,1m,,,,,QuantData dark-flow; session price levels from dark-pool-levels
2026-08-18T04:31:00-04:00,MU,969.52,763,739385.89,,,,1823,,1m,,,,,QuantData dark-flow; session price levels from dark-pool-levels
2026-08-18T04:32:00-04:00,MU,969.21,614,594974.13,,,,1790,,1m,,,,,QuantData dark-flow; session price levels from dark-pool-levels
2026-08-18T04:33:00-04:00,MU,970.2,674,653503.51,,,,2247,,1m,,,,,QuantData dark-flow; session price levels from dark-pool-levels
2026-08-18T04:34:00-04:00,MU,971.2,948,920155.83,,,,2363,,1m,,,,,QuantData dark-flow; session price levels from dark-pool-levels
2026-08-18T04:35:00-04:00,MU,971.34,703,682734.54,,,,2206,,1m,,,,,QuantData dark-flow; session price levels from dark-pool-levels
2026-08-18T04:36:00-04:00,MU,971.23,521,505929.33,,,,3458,,1m,,,,,QuantData dark-flow; session price levels from dark-pool-levels
2026-08-18T04:37:00-04:00,MU,971.5,335,325409.77,,,,2914,,1m,,,,,QuantData dark-flow; session price levels from dark-pool-levels
2026-08-18T04:38:00-04:00,MU,972.0,221,214763.96,,,,11154,,1m,,,,,QuantData dark-flow; session price levels from dark-pool-levels
2026-08-18T04:39:00-04:00,MU,971.63,405,393636.0,,,,1142,,1m,,,,,QuantData dark-flow; session price levels from dark-pool-levels
2026-08-18T04:40:00-04:00,MU,971.47,576,559504.4,,,,1263,,1m,,,,,QuantData dark-flow; session price levels from dark-pool-levels
2026-08-18T04:41:00-04:00,MU,971.4,2174,2111642.35,,,,2472,,1m,,,,,QuantData dark-flow; session price levels from dark-pool-levels
2026-08-18T04:42:00-04:00,MU,970.0,3258,3163533.53,,,,18730,,1m,,,,,QuantData dark-flow; session price levels from dark-pool-levels
2026-08-18T04:43:00-04:00,MU,970.0,703,681977.53,,,,18730,,1m,,,,,QuantData dark-flow; session price levels from dark-pool-levels
2026-08-18T04:44:00-04:00,MU,970.84,1111,1078931.82,,,,3013,,1m,,,,,QuantData dark-flow; session price levels from dark-pool-levels
2026-08-18T04:45:00-04:00,MU,969.52,1143,1107819.06,,,,1823,,1m,,,,,QuantData dark-flow; session price levels from dark-pool-levels
2026-08-18T04:46:00-04:00,MU,968.23,1185,1147733.88,,,,547,,1m,,,,,QuantData dark-flow; session price levels from dark-pool-levels
2026-08-18T04:47:00-04:00,MU,968.48,360,348595.18,,,,414,,1m,,,,,QuantData dark-flow; session price levels from dark-pool-levels
2026-08-18T04:48:00-04:00,MU,967.98,863,835238.85,,,,1312,,1m,,,,,QuantData dark-flow; session price levels from dark-pool-levels
2026-08-18T04:49:00-04:00,MU,966.7,376,363667.91,,,,1668,,1m,,,,,QuantData dark-flow; session price levels from dark-pool-levels
2026-08-18T04:50:00-04:00,MU,967.0,589,569558.09,,,,23404,,1m,,,,,QuantData dark-flow; session price levels from dark-pool-levels
2026-08-18T04:51:00-04:00,MU,967.97,539,521238.8,,,,229,,1m,,,,,QuantData dark-flow; session price levels from dark-pool-levels
2026-08-18T04:52:00-04:00,MU,968.28,784,759162.53,,,,782,,1m,,,,,QuantData dark-flow; session price levels from dark-pool-levels
2026-08-18T04:53:00-04:00,MU,967.99,437,423410.04,,,,1191,,1m,,,,,QuantData dark-flow; session price levels from dark-pool-levels
2026-08-18T04:54:00-04:00,MU,967.83,160,154851.95,,,,1040,,1m,,,,,QuantData dark-flow; session price levels from dark-pool-levels
2026-08-18T04:55:00-04:00,MU,967.01,764,739400.51,,,,1150,,1m,,,,,QuantData dark-flow; session price levels from dark-pool-levels
2026-08-18T04:56:00-04:00,MU,966.01,452,436823.98,,,,2542,,1m,,,,,QuantData dark-flow; session price levels from dark-pool-levels
2026-08-18T04:57:00-04:00,MU,965.74,254,245338.47,,,,1261,,1m,,,,,QuantData dark-flow; session price levels from dark-pool-levels
2026-08-18T04:58:00-04:00,MU,966.07,1543,1491863.33,,,,1089,,1m,,,,,QuantData dark-flow; session price levels from dark-pool-levels
2026-08-18T04:59:00-04:00,MU,966.01,281,271423.26,,,,2542,,1m,,,,,QuantData dark-flow; session price levels from dark-pool-levels
2026-08-18T05:00:00-04:00,MU,965.0,1513,1459503.82,,,,19182,,1m,,,,,QuantData dark-flow; session price levels from dark-pool-levels
2026-08-18T05:01:00-04:00,MU,962.6,820,790160.67,,,,3253,,1m,,,,,QuantData dark-flow; session price levels from dark-pool-levels
2026-08-18T05:02:00-04:00,MU,964.46,1003,965923.53,,,,2029,,1m,,,,,QuantData dark-flow; session price levels from dark-pool-levels
2026-08-18T05:03:00-04:00,MU,964.89,5176,4991090.55,,,,1094,,1m,,,,,QuantData dark-flow; session price levels from dark-pool-levels
2026-08-18T05:04:00-04:00,MU,964.58,615,593515.46,,,,911,,1m,,,,,QuantData dark-flow; session price levels from dark-pool-levels
2026-08-18T05:05:00-04:00,MU,961.7,1073,1033239.71,,,,3705,,1m,,,,,QuantData dark-flow; session price levels from dark-pool-levels
2026-08-18T05:06:00-04:00,MU,961.35,312,300037.94,,,,1146,,1m,,,,,QuantData dark-flow; session price levels from dark-pool-levels
2026-08-18T05:07:00-04:00,MU,961.99,2227,2142427.01,,,,5246,,1m,,,,,QuantData dark-flow; session price levels from dark-pool-levels
2026-08-18T05:08:00-04:00,MU,962.75,338,325315.15,,,,4645,,1m,,,,,QuantData dark-flow; session price levels from dark-pool-levels
2026-08-18T05:09:00-04:00,MU,962.95,2150,2069922.42,,,,4004,,1m,,,,,QuantData dark-flow; session price levels from dark-pool-levels
2026-08-18T05:10:00-04:00,MU,963.25,590,568171.74,,,,3370,,1m,,,,,QuantData dark-flow; session price levels from dark-pool-levels
2026-08-18T05:11:00-04:00,MU,964.77,665,641142.15,,,,1536,,1m,,,,,QuantData dark-flow; session price levels from dark-pool-levels
2026-08-18T05:12:00-04:00,MU,964.92,1312,1265991.79,,,,616,,1m,,,,,QuantData dark-flow; session price levels from dark-pool-levels
2026-08-18T05:13:00-04:00,MU,965.0,1890,1823672.55,,,,19182,,1m,,,,,QuantData dark-flow; session price levels from dark-pool-levels
2026-08-18T05:14:00-04:00,MU,965.43,263,253896.52,,,,3318,,1m,,,,,QuantData dark-flow; session price levels from dark-pool-levels
2026-08-18T05:15:00-04:00,MU,964.84,513,495170.36,,,,1781,,1m,,,,,QuantData dark-flow; session price levels from dark-pool-levels
2026-08-18T05:16:00-04:00,MU,964.72,1139,1099186.9,,,,2312,,1m,,,,,QuantData dark-flow; session price levels from dark-pool-levels
2026-08-18T05:17:00-04:00,MU,964.43,271,261375.35,,,,824,,1m,,,,,QuantData dark-flow; session price levels from dark-pool-levels
2026-08-18T05:18:00-04:00,MU,963.98,341,328935.61,,,,1795,,1m,,,,,QuantData dark-flow; session price levels from dark-pool-levels
2026-08-18T05:19:00-04:00,MU,962.01,203,195336.83,,,,4811,,1m,,,,,QuantData dark-flow; session price levels from dark-pool-levels
2026-08-18T05:20:00-04:00,MU,962.74,177,170391.14,,,,3058,,1m,,,,,QuantData dark-flow; session price levels from dark-pool-levels
2026-08-18T05:21:00-04:00,MU,961.89,414,398441.4,,,,1660,,1m,,,,,QuantData dark-flow; session price levels from dark-pool-levels
2026-08-18T05:22:00-04:00,MU,961.65,2230,2144440.46,,,,3671,,1m,,,,,QuantData dark-flow; session price levels from dark-pool-levels
2026-08-18T05:23:00-04:00,MU,960.69,2256,2168213.26,,,,885,,1m,,,,,QuantData dark-flow; session price levels from dark-pool-levels
2026-08-18T05:24:00-04:00,MU,960.37,507,486969.69,,,,1694,,1m,,,,,QuantData dark-flow; session price levels from dark-pool-levels
2026-08-18T05:25:00-04:00,MU,960.78,567,544783.91,,,,962,,1m,,,,,QuantData dark-flow; session price levels from dark-pool-levels
2026-08-18T05:26:00-04:00,MU,960.75,163,156620.04,,,,872,,1m,,,,,QuantData dark-flow; session price levels from dark-pool-levels
2026-08-18T05:27:00-04:00,MU,962.23,1275,1224813.71,,,,2534,,1m,,,,,QuantData dark-flow; session price levels from dark-pool-levels
2026-08-18T05:28:00-04:00,MU,961.15,301,289463.63,,,,1360,,1m,,,,,QuantData dark-flow; session price levels from dark-pool-levels
2026-08-18T05:29:00-04:00,MU,960.97,140,134507.26,,,,1869,,1m,,,,,QuantData dark-flow; session price levels from dark-pool-levels
2026-08-18T05:30:00-04:00,MU,960.0,611,586451.64,,,,13747,,1m,,,,,QuantData dark-flow; session price levels from dark-pool-levels
2026-08-18T05:31:00-04:00,MU,959.05,553,530499.21,,,,1997,,1m,,,,,QuantData dark-flow; session price levels from dark-pool-levels
2026-08-18T05:32:00-04:00,MU,959.0,1140,1092870.28,,,,15579,,1m,,,,,QuantData dark-flow; session price levels from dark-pool-levels
2026-08-18T05:33:00-04:00,MU,961.01,998,957656.2,,,,1304,,1m,,,,,QuantData dark-flow; session price levels from dark-pool-levels
2026-08-18T05:34:00-04:00,MU,960.6,636,610799.85,,,,1180,,1m,,,,,QuantData dark-flow; session price levels from dark-pool-levels
2026-08-18T05:35:00-04:00,MU,960.45,312,299775.9,,,,1452,,1m,,,,,QuantData dark-flow; session price levels from dark-pool-levels
2026-08-18T05:36:00-04:00,MU,960.0,419,402270.94,,,,13747,,1m,,,,,QuantData dark-flow; session price levels from dark-pool-levels
2026-08-18T05:37:00-04:00,MU,959.8,1106,1061773.44,,,,1078,,1m,,,,,QuantData dark-flow; session price levels from dark-pool-levels
2026-08-18T05:38:00-04:00,MU,959.75,122,117059.58,,,,6588,,1m,,,,,QuantData dark-flow; session price levels from dark-pool-levels
2026-08-18T05:39:00-04:00,MU,959.3,945,906520.21,,,,4080,,1m,,,,,QuantData dark-flow; session price levels from dark-pool-levels
2026-08-18T05:40:00-04:00,MU,958.99,245,234966.45,,,,11832,,1m,,,,,QuantData dark-flow; session price levels from dark-pool-levels
2026-08-18T05:41:00-04:00,MU,957.0,865,827394.23,,,,18352,,1m,,,,,QuantData dark-flow; session price levels from dark-pool-levels
2026-08-18T05:42:00-04:00,MU,958.01,924,884301.17,,,,5895,,1m,,,,,QuantData dark-flow; session price levels from dark-pool-levels
2026-08-18T05:43:00-04:00,MU,957.5,770,737376.69,,,,5427,,1m,,,,,QuantData dark-flow; session price levels from dark-pool-levels
2026-08-18T05:44:00-04:00,MU,958.74,1101,1054395.03,,,,1494,,1m,,,,,QuantData dark-flow; session price levels from dark-pool-levels
2026-08-18T05:45:00-04:00,MU,957.21,339,324880.31,,,,5386,,1m,,,,,QuantData dark-flow; session price levels from dark-pool-levels
2026-08-18T05:46:00-04:00,MU,958.63,372,356318.02,,,,1514,,1m,,,,,QuantData dark-flow; session price levels from dark-pool-levels
2026-08-18T05:47:00-04:00,MU,959.3,1451,1392684.27,,,,4080,,1m,,,,,QuantData dark-flow; session price levels from dark-pool-levels
2026-08-18T05:48:00-04:00,MU,959.47,400,383793.77,,,,4039,,1m,,,,,QuantData dark-flow; session price levels from dark-pool-levels
2026-08-18T05:49:00-04:00,MU,957.75,446,427643.88,,,,3292,,1m,,,,,QuantData dark-flow; session price levels from dark-pool-levels
2026-08-18T05:50:00-04:00,MU,956.78,748,715857.35,,,,1275,,1m,,,,,QuantData dark-flow; session price levels from dark-pool-levels
2026-08-18T05:51:00-04:00,MU,957.0,775,741362.34,,,,18352,,1m,,,,,QuantData dark-flow; session price levels from dark-pool-levels
2026-08-18T05:52:00-04:00,MU,957.0,255,243974.31,,,,18352,,1m,,,,,QuantData dark-flow; session price levels from dark-pool-levels
2026-08-18T05:53:00-04:00,MU,957.98,1373,1313999.01,,,,1467,,1m,,,,,QuantData dark-flow; session price levels from dark-pool-levels
2026-08-18T05:54:00-04:00,MU,957.59,554,530469.11,,,,2142,,1m,,,,,QuantData dark-flow; session price levels from dark-pool-levels
2026-08-18T05:55:00-04:00,MU,958.6,718,688338.13,,,,1829,,1m,,,,,QuantData dark-flow; session price levels from dark-pool-levels
2026-08-18T05:56:00-04:00,MU,959.05,746,715322.68,,,,1997,,1m,,,,,QuantData dark-flow; session price levels from dark-pool-levels
2026-08-18T05:57:00-04:00,MU,959.87,944,905870.09,,,,1377,,1m,,,,,QuantData dark-flow; session price levels from dark-pool-levels
2026-08-18T05:58:00-04:00,MU,960.59,619,594230.5,,,,679,,1m,,,,,QuantData dark-flow; session price levels from dark-pool-levels
2026-08-18T05:59:00-04:00,MU,961.13,1379,1325244.81,,,,2069,,1m,,,,,QuantData dark-flow; session price levels from dark-pool-levels
2026-08-18T06:00:00-04:00,MU,961.42,1109,1065751.49,,,,1436,,1m,,,,,QuantData dark-flow; session price levels from dark-pool-levels
2026-08-18T06:01:00-04:00,MU,959.1,1732,1664722.79,,,,791,,1m,,,,,QuantData dark-flow; session price levels from dark-pool-levels
2026-08-18T06:02:00-04:00,MU,961.0,320,307418.02,,,,11111,,1m,,,,,QuantData dark-flow; session price levels from dark-pool-levels
2026-08-18T06:03:00-04:00,MU,963.88,668,643188.36,,,,1801,,1m,,,,,QuantData dark-flow; session price levels from dark-pool-levels
2026-08-18T06:04:00-04:00,MU,963.79,1007,970250.92,,,,1557,,1m,,,,,QuantData dark-flow; session price levels from dark-pool-levels
2026-08-18T06:05:00-04:00,MU,963.45,624,601117.82,,,,661,,1m,,,,,QuantData dark-flow; session price levels from dark-pool-levels
2026-08-18T06:06:00-04:00,MU,962.18,354,340797.85,,,,2703,,1m,,,,,QuantData dark-flow; session price levels from dark-pool-levels
2026-08-18T06:07:00-04:00,MU,962.75,741,713069.51,,,,4645,,1m,,,,,QuantData dark-flow; session price levels from dark-pool-levels
2026-08-18T06:08:00-04:00,MU,962.25,220,211654.15,,,,7175,,1m,,,,,QuantData dark-flow; session price levels from dark-pool-levels
2026-08-18T06:09:00-04:00,MU,962.63,1181,1136279.22,,,,2191,,1m,,,,,QuantData dark-flow; session price levels from dark-pool-levels
2026-08-18T06:10:00-04:00,MU,961.73,558,536679.32,,,,1196,,1m,,,,,QuantData dark-flow; session price levels from dark-pool-levels
2026-08-18T06:11:00-04:00,MU,960.03,1697,1630525.23,,,,719,,1m,,,,,QuantData dark-flow; session price levels from dark-pool-levels
2026-08-18T06:12:00-04:00,MU,959.87,288,276563.68,,,,1377,,1m,,,,,QuantData dark-flow; session price levels from dark-pool-levels
2026-08-18T06:13:00-04:00,MU,959.0,443,425223.25,,,,15579,,1m,,,,,QuantData dark-flow; session price levels from dark-pool-levels
2026-08-18T06:14:00-04:00,MU,960.0,1215,1166350.55,,,,13747,,1m,,,,,QuantData dark-flow; session price levels from dark-pool-levels
2026-08-18T06:15:00-04:00,MU,960.33,181,173625.49,,,,730,,1m,,,,,QuantData dark-flow; session price levels from dark-pool-levels
2026-08-18T06:16:00-04:00,MU,960.0,44,42226.93,,,,13747,,1m,,,,,QuantData dark-flow; session price levels from dark-pool-levels
2026-08-18T06:17:00-04:00,MU,960.16,451,433266.3,,,,1197,,1m,,,,,QuantData dark-flow; session price levels from dark-pool-levels
2026-08-18T06:18:00-04:00,MU,961.58,1340,1287362.36,,,,2943,,1m,,,,,QuantData dark-flow; session price levels from dark-pool-levels
2026-08-18T06:19:00-04:00,MU,959.0,665,639137.85,,,,15579,,1m,,,,,QuantData dark-flow; session price levels from dark-pool-levels
2026-08-18T06:20:00-04:00,MU,959.14,295,282959.27,,,,1708,,1m,,,,,QuantData dark-flow; session price levels from dark-pool-levels
2026-08-18T06:21:00-04:00,MU,959.0,580,555935.34,,,,15579,,1m,,,,,QuantData dark-flow; session price levels from dark-pool-levels
2026-08-18T06:22:00-04:00,MU,958.9,245,234918.81,,,,2521,,1m,,,,,QuantData dark-flow; session price levels from dark-pool-levels
2026-08-18T06:23:00-04:00,MU,957.99,504,482919.03,,,,5644,,1m,,,,,QuantData dark-flow; session price levels from dark-pool-levels
2026-08-18T06:24:00-04:00,MU,957.0,1905,1824718.55,,,,18352,,1m,,,,,QuantData dark-flow; session price levels from dark-pool-levels
2026-08-18T06:25:00-04:00,MU,956.02,873,835363.94,,,,1249,,1m,,,,,QuantData dark-flow; session price levels from dark-pool-levels
2026-08-18T06:26:00-04:00,MU,956.67,850,813052.65,,,,2457,,1m,,,,,QuantData dark-flow; session price levels from dark-pool-levels
2026-08-18T06:27:00-04:00,MU,957.02,699,668842.09,,,,2209,,1m,,,,,QuantData dark-flow; session price levels from dark-pool-levels
2026-08-18T06:28:00-04:00,MU,957.02,302,288998.65,,,,2209,,1m,,,,,QuantData dark-flow; session price levels from dark-pool-levels
2026-08-18T06:29:00-04:00,MU,959.0,1188,1138545.46,,,,15579,,1m,,,,,QuantData dark-flow; session price levels from dark-pool-levels
2026-08-18T06:30:00-04:00,MU,957.66,207,198421.2,,,,2622,,1m,,,,,QuantData dark-flow; session price levels from dark-pool-levels
2026-08-18T06:31:00-04:00,MU,959.47,410,393081.82,,,,4039,,1m,,,,,QuantData dark-flow; session price levels from dark-pool-levels
2026-08-18T06:32:00-04:00,MU,959.29,784,751609.5,,,,1288,,1m,,,,,QuantData dark-flow; session price levels from dark-pool-levels
2026-08-18T06:33:00-04:00,MU,960.18,246,236046.09,,,,1317,,1m,,,,,QuantData dark-flow; session price levels from dark-pool-levels
2026-08-18T06:34:00-04:00,MU,960.3,554,532042.32,,,,2575,,1m,,,,,QuantData dark-flow; session price levels from dark-pool-levels
2026-08-18T06:35:00-04:00,MU,959.96,200,192035.45,,,,303,,1m,,,,,QuantData dark-flow; session price levels from dark-pool-levels
2026-08-18T06:36:00-04:00,MU,959.3,586,562278.61,,,,4080,,1m,,,,,QuantData dark-flow; session price levels from dark-pool-levels
2026-08-18T06:37:00-04:00,MU,958.99,60,57543.28,,,,11832,,1m,,,,,QuantData dark-flow; session price levels from dark-pool-levels
2026-08-18T06:38:00-04:00,MU,958.3,344,329934.91,,,,1541,,1m,,,,,QuantData dark-flow; session price levels from dark-pool-levels
2026-08-18T06:39:00-04:00,MU,958.8,211,202321.58,,,,3001,,1m,,,,,QuantData dark-flow; session price levels from dark-pool-levels
2026-08-18T06:40:00-04:00,MU,959.92,194,186014.85,,,,926,,1m,,,,,QuantData dark-flow; session price levels from dark-pool-levels
2026-08-18T06:41:00-04:00,MU,959.64,846,811306.52,,,,2531,,1m,,,,,QuantData dark-flow; session price levels from dark-pool-levels
2026-08-18T06:42:00-04:00,MU,958.76,413,396001.22,,,,1276,,1m,,,,,QuantData dark-flow; session price levels from dark-pool-levels
2026-08-18T06:43:00-04:00,MU,959.21,784,751612.01,,,,1679,,1m,,,,,QuantData dark-flow; session price levels from dark-pool-levels
2026-08-18T06:44:00-04:00,MU,959.71,482,462266.66,,,,402,,1m,,,,,QuantData dark-flow; session price levels from dark-pool-levels
2026-08-18T06:45:00-04:00,MU,959.02,120,115106.26,,,,784,,1m,,,,,QuantData dark-flow; session price levels from dark-pool-levels
2026-08-18T06:46:00-04:00,MU,959.17,95,91162.39,,,,2322,,1m,,,,,QuantData dark-flow; session price levels from dark-pool-levels
2026-08-18T06:47:00-04:00,MU,960.06,186,178545.29,,,,1755,,1m,,,,,QuantData dark-flow; session price levels from dark-pool-levels
2026-08-18T06:48:00-04:00,MU,960.94,199,191192.28,,,,4204,,1m,,,,,QuantData dark-flow; session price levels from dark-pool-levels
2026-08-18T06:49:00-04:00,MU,961.58,451,433454.32,,,,2943,,1m,,,,,QuantData dark-flow; session price levels from dark-pool-levels
2026-08-18T06:50:00-04:00,MU,961.23,338,325048.03,,,,1023,,1m,,,,,QuantData dark-flow; session price levels from dark-pool-levels
2026-08-18T06:51:00-04:00,MU,961.29,420,403766.3,,,,1194,,1m,,,,,QuantData dark-flow; session price levels from dark-pool-levels
2026-08-18T06:52:00-04:00,MU,961.5,1731,1664284.04,,,,10041,,1m,,,,,QuantData dark-flow; session price levels from dark-pool-levels
2026-08-18T06:53:00-04:00,MU,962.88,203,195388.93,,,,2084,,1m,,,,,QuantData dark-flow; session price levels from dark-pool-levels
2026-08-18T06:54:00-04:00,MU,963.19,502,483290.87,,,,1356,,1m,,,,,QuantData dark-flow; session price levels from dark-pool-levels
2026-08-18T06:55:00-04:00,MU,961.89,1974,1899295.63,,,,1660,,1m,,,,,QuantData dark-flow; session price levels from dark-pool-levels
2026-08-18T06:56:00-04:00,MU,963.09,253,243779.22,,,,3696,,1m,,,,,QuantData dark-flow; session price levels from dark-pool-levels
2026-08-18T06:57:00-04:00,MU,963.2,342,329487.69,,,,3440,,1m,,,,,QuantData dark-flow; session price levels from dark-pool-levels
2026-08-18T06:58:00-04:00,MU,963.94,637,613728.54,,,,4906,,1m,,,,,QuantData dark-flow; session price levels from dark-pool-levels
2026-08-18T06:59:00-04:00,MU,964.0,660,636079.94,,,,21628,,1m,,,,,QuantData dark-flow; session price levels from dark-pool-levels
2026-08-18T07:00:00-04:00,MU,965.71,7532,7265975.78,,,,2391,,1m,,,,,QuantData dark-flow; session price levels from dark-pool-levels
2026-08-18T07:01:00-04:00,MU,966.0,5092,4920945.72,,,,13000,,1m,,,,,QuantData dark-flow; session price levels from dark-pool-levels
2026-08-18T07:02:00-04:00,MU,966.99,6546,6327076.03,,,,3305,,1m,,,,,QuantData dark-flow; session price levels from dark-pool-levels
2026-08-18T07:03:00-04:00,MU,967.42,3966,3836172.98,,,,636,,1m,,,,,QuantData dark-flow; session price levels from dark-pool-levels
2026-08-18T07:04:00-04:00,MU,967.4,2905,2809118.27,,,,2165,,1m,,,,,QuantData dark-flow; session price levels from dark-pool-levels
2026-08-18T07:05:00-04:00,MU,968.49,4453,4311304.24,,,,2038,,1m,,,,,QuantData dark-flow; session price levels from dark-pool-levels
2026-08-18T07:06:00-04:00,MU,968.5,3424,3314438.1,,,,4560,,1m,,,,,QuantData dark-flow; session price levels from dark-pool-levels
2026-08-18T07:07:00-04:00,MU,968.74,6103,5913449.77,,,,1021,,1m,,,,,QuantData dark-flow; session price levels from dark-pool-levels
2026-08-18T07:08:00-04:00,MU,967.24,4259,4123703.1,,,,191,,1m,,,,,QuantData dark-flow; session price levels from dark-pool-levels
2026-08-18T07:09:00-04:00,MU,967.34,3327,3218670.49,,,,784,,1m,,,,,QuantData dark-flow; session price levels from dark-pool-levels
2026-08-18T07:10:00-04:00,MU,970.95,4266,4138331.68,,,,1831,,1m,,,,,QuantData dark-flow; session price levels from dark-pool-levels
2026-08-18T07:11:00-04:00,MU,968.47,2422,2349152.08,,,,783,,1m,,,,,QuantData dark-flow; session price levels from dark-pool-levels
2026-08-18T07:12:00-04:00,MU,968.0,2233,2162252.99,,,,15078,,1m,,,,,QuantData dark-flow; session price levels from dark-pool-levels
2026-08-18T07:13:00-04:00,MU,969.0,2427,2350335.25,,,,20649,,1m,,,,,QuantData dark-flow; session price levels from dark-pool-levels
2026-08-18T07:14:00-04:00,MU,969.45,1006,974972.0,,,,836,,1m,,,,,QuantData dark-flow; session price levels from dark-pool-levels
2026-08-18T07:15:00-04:00,MU,969.5,1544,1497152.55,,,,3509,,1m,,,,,QuantData dark-flow; session price levels from dark-pool-levels
2026-08-18T07:16:00-04:00,MU,968.93,1755,1701042.48,,,,1672,,1m,,,,,QuantData dark-flow; session price levels from dark-pool-levels
2026-08-18T07:17:00-04:00,MU,970.31,1520,1473841.53,,,,1237,,1m,,,,,QuantData dark-flow; session price levels from dark-pool-levels
2026-08-18T07:18:00-04:00,MU,970.0,1508,1462578.9,,,,18730,,1m,,,,,QuantData dark-flow; session price levels from dark-pool-levels
2026-08-18T07:19:00-04:00,MU,971.46,2375,2305029.28,,,,1652,,1m,,,,,QuantData dark-flow; session price levels from dark-pool-levels
2026-08-18T07:20:00-04:00,MU,969.96,1641,1593346.19,,,,308,,1m,,,,,QuantData dark-flow; session price levels from dark-pool-levels
2026-08-18T07:21:00-04:00,MU,969.2,983,953172.27,,,,2128,,1m,,,,,QuantData dark-flow; session price levels from dark-pool-levels
2026-08-18T07:22:00-04:00,MU,969.8,3456,3345636.98,,,,1785,,1m,,,,,QuantData dark-flow; session price levels from dark-pool-levels
2026-08-18T07:23:00-04:00,MU,967.85,2188,2118170.8,,,,1974,,1m,,,,,QuantData dark-flow; session price levels from dark-pool-levels
2026-08-18T07:24:00-04:00,MU,966.95,3478,3364311.08,,,,1181,,1m,,,,,QuantData dark-flow; session price levels from dark-pool-levels
2026-08-18T07:25:00-04:00,MU,966.67,2707,2617410.74,,,,1510,,1m,,,,,QuantData dark-flow; session price levels from dark-pool-levels
2026-08-18T07:26:00-04:00,MU,966.61,2363,2286824.68,,,,1124,,1m,,,,,QuantData dark-flow; session price levels from dark-pool-levels
2026-08-18T07:27:00-04:00,MU,966.7,2008,1940938.01,,,,1668,,1m,,,,,QuantData dark-flow; session price levels from dark-pool-levels
2026-08-18T07:28:00-04:00,MU,967.63,2568,2483931.14,,,,505,,1m,,,,,QuantData dark-flow; session price levels from dark-pool-levels
2026-08-18T07:29:00-04:00,MU,968.45,3765,3645027.32,,,,1347,,1m,,,,,QuantData dark-flow; session price levels from dark-pool-levels
2026-08-18T07:30:00-04:00,MU,967.0,1958,1893698.21,,,,23404,,1m,,,,,QuantData dark-flow; session price levels from dark-pool-levels
2026-08-18T07:31:00-04:00,MU,966.2,2792,2699171.62,,,,2926,,1m,,,,,QuantData dark-flow; session price levels from dark-pool-levels
2026-08-18T07:32:00-04:00,MU,966.0,1604,1549961.36,,,,13000,,1m,,,,,QuantData dark-flow; session price levels from dark-pool-levels
2026-08-18T07:33:00-04:00,MU,966.59,3299,3187296.74,,,,557,,1m,,,,,QuantData dark-flow; session price levels from dark-pool-levels
2026-08-18T07:34:00-04:00,MU,965.25,3474,3354351.34,,,,2893,,1m,,,,,QuantData dark-flow; session price levels from dark-pool-levels
2026-08-18T07:35:00-04:00,MU,966.0,1079,1042286.67,,,,13000,,1m,,,,,QuantData dark-flow; session price levels from dark-pool-levels
2026-08-18T07:36:00-04:00,MU,965.8,615,594005.54,,,,2357,,1m,,,,,QuantData dark-flow; session price levels from dark-pool-levels
2026-08-18T07:37:00-04:00,MU,1011.75,4129,3987969.81,,,,28970,,1m,,,,,QuantData dark-flow; session price levels from dark-pool-levels
2026-08-18T07:38:00-04:00,MU,966.5,3719,3593836.0,,,,8228,,1m,,,,,QuantData dark-flow; session price levels from dark-pool-levels
2026-08-18T07:39:00-04:00,MU,964.87,3380,3262291.43,,,,1096,,1m,,,,,QuantData dark-flow; session price levels from dark-pool-levels
2026-08-18T07:40:00-04:00,MU,964.0,6131,5909654.35,,,,21628,,1m,,,,,QuantData dark-flow; session price levels from dark-pool-levels
2026-08-18T07:41:00-04:00,MU,965.7,1700,1640828.13,,,,3617,,1m,,,,,QuantData dark-flow; session price levels from dark-pool-levels
2026-08-18T07:42:00-04:00,MU,966.81,1413,1365320.75,,,,1084,,1m,,,,,QuantData dark-flow; session price levels from dark-pool-levels
2026-08-18T07:43:00-04:00,MU,967.67,3121,3019613.55,,,,1754,,1m,,,,,QuantData dark-flow; session price levels from dark-pool-levels
2026-08-18T07:44:00-04:00,MU,967.37,3922,3792953.42,,,,692,,1m,,,,,QuantData dark-flow; session price levels from dark-pool-levels
2026-08-18T07:45:00-04:00,MU,969.0,5028,5032641.74,,,,20649,,1m,,,,,QuantData dark-flow; session price levels from dark-pool-levels
2026-08-18T07:46:00-04:00,MU,970.41,2795,2711146.96,,,,1885,,1m,,,,,QuantData dark-flow; session price levels from dark-pool-levels
2026-08-18T07:47:00-04:00,MU,970.69,4085,3965053.48,,,,1176,,1m,,,,,QuantData dark-flow; session price levels from dark-pool-levels
2026-08-18T07:48:00-04:00,MU,971.01,2310,2243078.48,,,,3994,,1m,,,,,QuantData dark-flow; session price levels from dark-pool-levels
2026-08-18T07:49:00-04:00,MU,971.16,4802,4662017.05,,,,1754,,1m,,,,,QuantData dark-flow; session price levels from dark-pool-levels
2026-08-18T07:50:00-04:00,MU,969.9,2276,2209286.85,,,,1055,,1m,,,,,QuantData dark-flow; session price levels from dark-pool-levels
2026-08-18T07:51:00-04:00,MU,971.26,3826,3712620.99,,,,1370,,1m,,,,,QuantData dark-flow; session price levels from dark-pool-levels
2026-08-18T07:52:00-04:00,MU,970.5,1029,998655.53,,,,3865,,1m,,,,,QuantData dark-flow; session price levels from dark-pool-levels
2026-08-18T07:53:00-04:00,MU,969.61,1948,1889158.72,,,,1185,,1m,,,,,QuantData dark-flow; session price levels from dark-pool-levels
2026-08-18T07:54:00-04:00,MU,969.1,1614,1564755.57,,,,1784,,1m,,,,,QuantData dark-flow; session price levels from dark-pool-levels
2026-08-18T07:55:00-04:00,MU,970.75,1881,1824223.76,,,,4131,,1m,,,,,QuantData dark-flow; session price levels from dark-pool-levels
2026-08-18T07:56:00-04:00,MU,970.78,1711,1660590.75,,,,1970,,1m,,,,,QuantData dark-flow; session price levels from dark-pool-levels
2026-08-18T07:57:00-04:00,MU,971.54,1476,1433462.51,,,,1536,,1m,,,,,QuantData dark-flow; session price levels from dark-pool-levels
2026-08-18T07:58:00-04:00,MU,969.87,1123,1088910.73,,,,511,,1m,,,,,QuantData dark-flow; session price levels from dark-pool-levels
2026-08-18T07:59:00-04:00,MU,970.68,951,923116.12,,,,1832,,1m,,,,,QuantData dark-flow; session price levels from dark-pool-levels
2026-08-18T08:00:00-04:00,MU,970.48,685,664814.82,,,,1866,,1m,,,,,QuantData dark-flow; session price levels from dark-pool-levels
2026-08-18T08:01:00-04:00,MU,970.73,4235,4110316.24,,,,2471,,1m,,,,,QuantData dark-flow; session price levels from dark-pool-levels
2026-08-18T08:02:00-04:00,MU,971.79,1240,1204100.65,,,,1205,,1m,,,,,QuantData dark-flow; session price levels from dark-pool-levels
2026-08-18T08:03:00-04:00,MU,970.34,1435,1393617.46,,,,809,,1m,,,,,QuantData dark-flow; session price levels from dark-pool-levels
2026-08-18T08:04:00-04:00,MU,973.89,3475,3380717.54,,,,1797,,1m,,,,,QuantData dark-flow; session price levels from dark-pool-levels
2026-08-18T08:05:00-04:00,MU,973.0,4330,4215928.63,,,,14592,,1m,,,,,QuantData dark-flow; session price levels from dark-pool-levels
2026-08-18T08:06:00-04:00,MU,973.0,1368,1331023.75,,,,14592,,1m,,,,,QuantData dark-flow; session price levels from dark-pool-levels
2026-08-18T08:07:00-04:00,MU,973.61,2598,2528561.75,,,,318,,1m,,,,,QuantData dark-flow; session price levels from dark-pool-levels
2026-08-18T08:08:00-04:00,MU,971.68,3853,3749321.07,,,,1656,,1m,,,,,QuantData dark-flow; session price levels from dark-pool-levels
2026-08-18T08:09:00-04:00,MU,969.54,2691,2612964.41,,,,1703,,1m,,,,,QuantData dark-flow; session price levels from dark-pool-levels
2026-08-18T08:10:00-04:00,MU,968.52,2704,2620570.05,,,,490,,1m,,,,,QuantData dark-flow; session price levels from dark-pool-levels
2026-08-18T08:11:00-04:00,MU,968.5,4214,4079325.6,,,,4560,,1m,,,,,QuantData dark-flow; session price levels from dark-pool-levels
2026-08-18T08:12:00-04:00,MU,967.96,2240,2168638.65,,,,2726,,1m,,,,,QuantData dark-flow; session price levels from dark-pool-levels
2026-08-18T08:13:00-04:00,MU,967.88,2666,2580737.64,,,,4863,,1m,,,,,QuantData dark-flow; session price levels from dark-pool-levels
2026-08-18T08:14:00-04:00,MU,967.59,1465,1417448.36,,,,987,,1m,,,,,QuantData dark-flow; session price levels from dark-pool-levels
2026-08-18T08:15:00-04:00,MU,966.96,1804,1745067.65,,,,1189,,1m,,,,,QuantData dark-flow; session price levels from dark-pool-levels
2026-08-18T08:16:00-04:00,MU,967.48,1555,1503205.06,,,,2038,,1m,,,,,QuantData dark-flow; session price levels from dark-pool-levels
2026-08-18T08:17:00-04:00,MU,966.0,3540,3421153.91,,,,13000,,1m,,,,,QuantData dark-flow; session price levels from dark-pool-levels
2026-08-18T08:18:00-04:00,MU,965.01,3352,3236838.34,,,,2285,,1m,,,,,QuantData dark-flow; session price levels from dark-pool-levels
2026-08-18T08:19:00-04:00,MU,966.14,1795,1733175.54,,,,781,,1m,,,,,QuantData dark-flow; session price levels from dark-pool-levels
2026-08-18T08:20:00-04:00,MU,966.5,3850,3720266.75,,,,8228,,1m,,,,,QuantData dark-flow; session price levels from dark-pool-levels
2026-08-18T08:21:00-04:00,MU,966.66,1833,1771774.65,,,,2064,,1m,,,,,QuantData dark-flow; session price levels from dark-pool-levels
2026-08-18T08:22:00-04:00,MU,966.03,3595,3473357.0,,,,983,,1m,,,,,QuantData dark-flow; session price levels from dark-pool-levels
2026-08-18T08:23:00-04:00,MU,965.45,1518,1464940.99,,,,5104,,1m,,,,,QuantData dark-flow; session price levels from dark-pool-levels
2026-08-18T08:24:00-04:00,MU,964.5,1998,1927740.28,,,,6390,,1m,,,,,QuantData dark-flow; session price levels from dark-pool-levels
2026-08-18T08:25:00-04:00,MU,964.5,2311,2229329.69,,,,6390,,1m,,,,,QuantData dark-flow; session price levels from dark-pool-levels
2026-08-18T08:26:00-04:00,MU,964.65,793,764849.08,,,,1349,,1m,,,,,QuantData dark-flow; session price levels from dark-pool-levels
2026-08-18T08:27:00-04:00,MU,964.93,2166,2089155.56,,,,1028,,1m,,,,,QuantData dark-flow; session price levels from dark-pool-levels
2026-08-18T08:28:00-04:00,MU,964.82,2953,2848826.07,,,,1896,,1m,,,,,QuantData dark-flow; session price levels from dark-pool-levels
2026-08-18T08:29:00-04:00,MU,964.7,973,938527.31,,,,2970,,1m,,,,,QuantData dark-flow; session price levels from dark-pool-levels
2026-08-18T08:30:00-04:00,MU,963.93,1642,1583504.56,,,,6368,,1m,,,,,QuantData dark-flow; session price levels from dark-pool-levels
2026-08-18T08:31:00-04:00,MU,964.0,2293,2209847.93,,,,21628,,1m,,,,,QuantData dark-flow; session price levels from dark-pool-levels
2026-08-18T08:32:00-04:00,MU,964.4,912,879532.58,,,,666,,1m,,,,,QuantData dark-flow; session price levels from dark-pool-levels
2026-08-18T08:33:00-04:00,MU,964.5,2542,2451949.44,,,,6390,,1m,,,,,QuantData dark-flow; session price levels from dark-pool-levels
2026-08-18T08:34:00-04:00,MU,964.4,1504,1450579.76,,,,666,,1m,,,,,QuantData dark-flow; session price levels from dark-pool-levels
2026-08-18T08:35:00-04:00,MU,964.49,626,603718.79,,,,3331,,1m,,,,,QuantData dark-flow; session price levels from dark-pool-levels
2026-08-18T08:36:00-04:00,MU,963.5,1906,1837032.63,,,,5690,,1m,,,,,QuantData dark-flow; session price levels from dark-pool-levels
2026-08-18T08:37:00-04:00,MU,963.66,24102,24309389.54,,,,587,,1m,,,,,QuantData dark-flow; session price levels from dark-pool-levels
2026-08-18T08:38:00-04:00,MU,964.5,1241,1195932.19,,,,6390,,1m,,,,,QuantData dark-flow; session price levels from dark-pool-levels
2026-08-18T08:39:00-04:00,MU,964.63,1914,1846087.79,,,,1163,,1m,,,,,QuantData dark-flow; session price levels from dark-pool-levels
2026-08-18T08:40:00-04:00,MU,964.97,2252,2172516.33,,,,3413,,1m,,,,,QuantData dark-flow; session price levels from dark-pool-levels
2026-08-18T08:41:00-04:00,MU,964.32,373,359748.41,,,,1496,,1m,,,,,QuantData dark-flow; session price levels from dark-pool-levels
2026-08-18T08:42:00-04:00,MU,964.3,2781,2711154.0,,,,2049,,1m,,,,,QuantData dark-flow; session price levels from dark-pool-levels
2026-08-18T08:43:00-04:00,MU,963.7,1021,983903.98,,,,2213,,1m,,,,,QuantData dark-flow; session price levels from dark-pool-levels
2026-08-18T08:44:00-04:00,MU,964.3,727,700498.15,,,,2049,,1m,,,,,QuantData dark-flow; session price levels from dark-pool-levels
2026-08-18T08:45:00-04:00,MU,963.45,1364,1314120.28,,,,661,,1m,,,,,QuantData dark-flow; session price levels from dark-pool-levels
2026-08-18T08:46:00-04:00,MU,963.5,1211,1166919.35,,,,5690,,1m,,,,,QuantData dark-flow; session price levels from dark-pool-levels
2026-08-18T08:47:00-04:00,MU,964.87,757,729978.7,,,,1096,,1m,,,,,QuantData dark-flow; session price levels from dark-pool-levels
2026-08-18T08:48:00-04:00,MU,964.88,1626,1568809.26,,,,2314,,1m,,,,,QuantData dark-flow; session price levels from dark-pool-levels
2026-08-18T08:49:00-04:00,MU,964.92,1540,1485552.23,,,,616,,1m,,,,,QuantData dark-flow; session price levels from dark-pool-levels
2026-08-18T08:50:00-04:00,MU,964.46,2306,2224883.09,,,,2029,,1m,,,,,QuantData dark-flow; session price levels from dark-pool-levels
2026-08-18T08:51:00-04:00,MU,964.9,1107,1068109.35,,,,2410,,1m,,,,,QuantData dark-flow; session price levels from dark-pool-levels
2026-08-18T08:52:00-04:00,MU,963.73,1311,1264396.49,,,,578,,1m,,,,,QuantData dark-flow; session price levels from dark-pool-levels
2026-08-18T08:53:00-04:00,MU,963.89,1919,1849889.61,,,,3014,,1m,,,,,QuantData dark-flow; session price levels from dark-pool-levels
2026-08-18T08:54:00-04:00,MU,963.65,1802,1736881.7,,,,1563,,1m,,,,,QuantData dark-flow; session price levels from dark-pool-levels
2026-08-18T08:55:00-04:00,MU,963.59,1156,1113703.61,,,,2090,,1m,,,,,QuantData dark-flow; session price levels from dark-pool-levels
2026-08-18T08:56:00-04:00,MU,962.99,914,880260.54,,,,3469,,1m,,,,,QuantData dark-flow; session price levels from dark-pool-levels
2026-08-18T08:57:00-04:00,MU,963.25,1681,1619089.67,,,,3370,,1m,,,,,QuantData dark-flow; session price levels from dark-pool-levels
2026-08-18T08:58:00-04:00,MU,962.9,1361,1310494.35,,,,3399,,1m,,,,,QuantData dark-flow; session price levels from dark-pool-levels
2026-08-18T08:59:00-04:00,MU,963.93,7831,7546153.71,,,,6368,,1m,,,,,QuantData dark-flow; session price levels from dark-pool-levels
2026-08-18T09:00:00-04:00,MU,963.59,2184,2105410.78,,,,2090,,1m,,,,,QuantData dark-flow; session price levels from dark-pool-levels
2026-08-18T09:01:00-04:00,MU,964.47,1208,1164711.42,,,,1772,,1m,,,,,QuantData dark-flow; session price levels from dark-pool-levels
2026-08-18T09:02:00-04:00,MU,963.0,882,849744.86,,,,17420,,1m,,,,,QuantData dark-flow; session price levels from dark-pool-levels
2026-08-18T09:03:00-04:00,MU,962.7,742,714463.79,,,,3523,,1m,,,,,QuantData dark-flow; session price levels from dark-pool-levels
2026-08-18T09:04:00-04:00,MU,962.67,1657,1595753.57,,,,2789,,1m,,,,,QuantData dark-flow; session price levels from dark-pool-levels
2026-08-18T09:05:00-04:00,MU,962.89,1957,1883713.86,,,,1826,,1m,,,,,QuantData dark-flow; session price levels from dark-pool-levels
2026-08-18T09:06:00-04:00,MU,961.98,3183,3064278.97,,,,1847,,1m,,,,,QuantData dark-flow; session price levels from dark-pool-levels
2026-08-18T09:07:00-04:00,MU,962.0,1281,1232312.6,,,,19440,,1m,,,,,QuantData dark-flow; session price levels from dark-pool-levels
2026-08-18T09:08:00-04:00,MU,961.85,2293,2205915.35,,,,1761,,1m,,,,,QuantData dark-flow; session price levels from dark-pool-levels
2026-08-18T09:09:00-04:00,MU,961.7,739,710870.84,,,,3705,,1m,,,,,QuantData dark-flow; session price levels from dark-pool-levels
2026-08-18T09:10:00-04:00,MU,961.99,3248,3122886.85,,,,5246,,1m,,,,,QuantData dark-flow; session price levels from dark-pool-levels
2026-08-18T09:11:00-04:00,MU,961.53,1612,1550374.86,,,,589,,1m,,,,,QuantData dark-flow; session price levels from dark-pool-levels
2026-08-18T09:12:00-04:00,MU,962.28,2471,2375986.28,,,,4297,,1m,,,,,QuantData dark-flow; session price levels from dark-pool-levels
2026-08-18T09:13:00-04:00,MU,959.83,5650,5425044.94,,,,880,,1m,,,,,QuantData dark-flow; session price levels from dark-pool-levels
2026-08-18T09:14:00-04:00,MU,959.8,2463,2364143.49,,,,1078,,1m,,,,,QuantData dark-flow; session price levels from dark-pool-levels
2026-08-18T09:15:00-04:00,MU,959.85,5267,5050946.28,,,,1163,,1m,,,,,QuantData dark-flow; session price levels from dark-pool-levels
2026-08-18T09:16:00-04:00,MU,961.25,1487,1427438.79,,,,7705,,1m,,,,,QuantData dark-flow; session price levels from dark-pool-levels
2026-08-18T09:17:00-04:00,MU,960.65,1752,1683864.36,,,,1060,,1m,,,,,QuantData dark-flow; session price levels from dark-pool-levels
2026-08-18T09:18:00-04:00,MU,961.84,2697,2592613.14,,,,1742,,1m,,,,,QuantData dark-flow; session price levels from dark-pool-levels
2026-08-18T09:19:00-04:00,MU,962.97,3648,3610670.91,,,,2211,,1m,,,,,QuantData dark-flow; session price levels from dark-pool-levels
2026-08-18T09:20:00-04:00,MU,963.17,5232,5039427.14,,,,3590,,1m,,,,,QuantData dark-flow; session price levels from dark-pool-levels
2026-08-18T09:21:00-04:00,MU,964.15,7650,7374050.21,,,,1366,,1m,,,,,QuantData dark-flow; session price levels from dark-pool-levels
2026-08-18T09:22:00-04:00,MU,964.0,1677,1616813.21,,,,21628,,1m,,,,,QuantData dark-flow; session price levels from dark-pool-levels
2026-08-18T09:23:00-04:00,MU,965.28,4590,4428422.79,,,,2586,,1m,,,,,QuantData dark-flow; session price levels from dark-pool-levels
2026-08-18T09:24:00-04:00,MU,963.84,2453,2364873.45,,,,1461,,1m,,,,,QuantData dark-flow; session price levels from dark-pool-levels
2026-08-18T09:25:00-04:00,MU,961.32,3991,3845380.85,,,,1390,,1m,,,,,QuantData dark-flow; session price levels from dark-pool-levels
2026-08-18T09:26:00-04:00,MU,961.06,2396,2303275.23,,,,1241,,1m,,,,,QuantData dark-flow; session price levels from dark-pool-levels
2026-08-18T09:27:00-04:00,MU,957.51,3566,3420753.58,,,,1789,,1m,,,,,QuantData dark-flow; session price levels from dark-pool-levels
2026-08-18T09:28:00-04:00,MU,957.5,4551,4358596.45,,,,5427,,1m,,,,,QuantData dark-flow; session price levels from dark-pool-levels
2026-08-18T09:29:00-04:00,MU,956.65,2611,2499433.65,,,,4073,,1m,,,,,QuantData dark-flow; session price levels from dark-pool-levels
2026-08-18T09:30:00-04:00,MU,964.98,210767,202720126.53,,,,3751,,1m,,,,,QuantData dark-flow; session price levels from dark-pool-levels
2026-08-18T09:31:00-04:00,MU,973.94,162241,157612712.11,,,,384,,1m,,,,,QuantData dark-flow; session price levels from dark-pool-levels
2026-08-18T09:32:00-04:00,MU,969.0,110121,107016047.41,,,,20649,,1m,,,,,QuantData dark-flow; session price levels from dark-pool-levels
2026-08-18T09:33:00-04:00,MU,968.62,102152,99043670.52,,,,958,,1m,,,,,QuantData dark-flow; session price levels from dark-pool-levels
2026-08-18T09:34:00-04:00,MU,973.4,113388,109982171.45,,,,1054,,1m,,,,,QuantData dark-flow; session price levels from dark-pool-levels
2026-08-18T09:35:00-04:00,MU,973.68,139278,135902019.8,,,,2377,,1m,,,,,QuantData dark-flow; session price levels from dark-pool-levels
2026-08-18T09:36:00-04:00,MU,968.33,108645,105576019.36,,,,500,,1m,,,,,QuantData dark-flow; session price levels from dark-pool-levels
2026-08-18T09:37:00-04:00,MU,970.13,78790,76450665.63,,,,1608,,1m,,,,,QuantData dark-flow; session price levels from dark-pool-levels
2026-08-18T09:38:00-04:00,MU,971.73,73437,71282733.75,,,,1067,,1m,,,,,QuantData dark-flow; session price levels from dark-pool-levels
2026-08-18T09:39:00-04:00,MU,972.63,84303,81906135.53,,,,1598,,1m,,,,,QuantData dark-flow; session price levels from dark-pool-levels
2026-08-18T09:40:00-04:00,MU,975.5,69105,67242605.37,,,,1880,,1m,,,,,QuantData dark-flow; session price levels from dark-pool-levels
2026-08-18T09:41:00-04:00,MU,974.67,74918,73043105.76,,,,453,,1m,,,,,QuantData dark-flow; session price levels from dark-pool-levels
2026-08-18T09:42:00-04:00,MU,972.63,54585,53106396.35,,,,1598,,1m,,,,,QuantData dark-flow; session price levels from dark-pool-levels
2026-08-18T09:43:00-04:00,MU,970.55,68898,66926176.29,,,,2659,,1m,,,,,QuantData dark-flow; session price levels from dark-pool-levels
2026-08-18T09:44:00-04:00,MU,968.31,56703,54959531.36,,,,754,,1m,,,,,QuantData dark-flow; session price levels from dark-pool-levels
2026-08-18T09:45:00-04:00,MU,967.17,112558,108771405.46,,,,392,,1m,,,,,QuantData dark-flow; session price levels from dark-pool-levels
2026-08-18T09:46:00-04:00,MU,961.27,97567,94087462.13,,,,3235,,1m,,,,,QuantData dark-flow; session price levels from dark-pool-levels
2026-08-18T09:47:00-04:00,MU,962.3,122956,118343556.75,,,,3693,,1m,,,,,QuantData dark-flow; session price levels from dark-pool-levels
2026-08-18T09:48:00-04:00,MU,962.43,88186,84930948.57,,,,1883,,1m,,,,,QuantData dark-flow; session price levels from dark-pool-levels
2026-08-18T09:49:00-04:00,MU,963.59,59323,57091018.85,,,,2090,,1m,,,,,QuantData dark-flow; session price levels from dark-pool-levels
2026-08-18T09:50:00-04:00,MU,967.58,88559,85511949.15,,,,5141,,1m,,,,,QuantData dark-flow; session price levels from dark-pool-levels
2026-08-18T09:51:00-04:00,MU,965.34,65750,63513540.59,,,,5427,,1m,,,,,QuantData dark-flow; session price levels from dark-pool-levels
2026-08-18T09:52:00-04:00,MU,962.64,50581,48742221.33,,,,2745,,1m,,,,,QuantData dark-flow; session price levels from dark-pool-levels
2026-08-18T09:53:00-04:00,MU,960.67,59961,57701546.43,,,,1109,,1m,,,,,QuantData dark-flow; session price levels from dark-pool-levels
2026-08-18T09:54:00-04:00,MU,958.93,92119,88390356.0,,,,1078,,1m,,,,,QuantData dark-flow; session price levels from dark-pool-levels
2026-08-18T09:55:00-04:00,MU,954.64,147339,140812164.25,,,,1173,,1m,,,,,QuantData dark-flow; session price levels from dark-pool-levels
2026-08-18T09:56:00-04:00,MU,961.83,121515,116373425.18,,,,3487,,1m,,,,,QuantData dark-flow; session price levels from dark-pool-levels
2026-08-18T09:57:00-04:00,MU,961.6,92160,88692608.04,,,,1922,,1m,,,,,QuantData dark-flow; session price levels from dark-pool-levels
2026-08-18T09:58:00-04:00,MU,960.59,66738,64128624.24,,,,679,,1m,,,,,QuantData dark-flow; session price levels from dark-pool-levels
2026-08-18T09:59:00-04:00,MU,960.39,58396,56091104.47,,,,873,,1m,,,,,QuantData dark-flow; session price levels from dark-pool-levels
2026-08-18T10:00:00-04:00,MU,958.22,63992,61314407.63,,,,3919,,1m,,,,,QuantData dark-flow; session price levels from dark-pool-levels
2026-08-18T10:01:00-04:00,MU,958.2,55280,52937512.8,,,,1816,,1m,,,,,QuantData dark-flow; session price levels from dark-pool-levels
2026-08-18T10:02:00-04:00,MU,961.74,72576,69743078.91,,,,2648,,1m,,,,,QuantData dark-flow; session price levels from dark-pool-levels
2026-08-18T10:03:00-04:00,MU,960.22,71054,68421138.5,,,,1759,,1m,,,,,QuantData dark-flow; session price levels from dark-pool-levels
2026-08-18T10:04:00-04:00,MU,961.44,56349,54244799.01,,,,2895,,1m,,,,,QuantData dark-flow; session price levels from dark-pool-levels
2026-08-18T10:05:00-04:00,MU,957.45,60142,57682603.91,,,,5151,,1m,,,,,QuantData dark-flow; session price levels from dark-pool-levels
2026-08-18T10:06:00-04:00,MU,957.34,61801,59125537.14,,,,2644,,1m,,,,,QuantData dark-flow; session price levels from dark-pool-levels
2026-08-18T10:07:00-04:00,MU,961.14,72525,69558125.19,,,,1519,,1m,,,,,QuantData dark-flow; session price levels from dark-pool-levels
2026-08-18T10:08:00-04:00,MU,957.5,38668,37092561.43,,,,5427,,1m,,,,,QuantData dark-flow; session price levels from dark-pool-levels
2026-08-18T10:09:00-04:00,MU,956.28,60437,57846350.7,,,,2152,,1m,,,,,QuantData dark-flow; session price levels from dark-pool-levels
2026-08-18T10:10:00-04:00,MU,952.02,100415,95720425.32,,,,4221,,1m,,,,,QuantData dark-flow; session price levels from dark-pool-levels
2026-08-18T10:11:00-04:00,MU,949.75,101556,96542938.84,,,,1735,,1m,,,,,QuantData dark-flow; session price levels from dark-pool-levels
2026-08-18T10:12:00-04:00,MU,950.75,77219,73382099.1,,,,2807,,1m,,,,,QuantData dark-flow; session price levels from dark-pool-levels
2026-08-18T10:13:00-04:00,MU,950.18,68231,64744436.68,,,,1475,,1m,,,,,QuantData dark-flow; session price levels from dark-pool-levels
2026-08-18T10:14:00-04:00,MU,949.71,69625,66057481.57,,,,529,,1m,,,,,QuantData dark-flow; session price levels from dark-pool-levels
2026-08-18T10:15:00-04:00,MU,951.52,78117,74217302.6,,,,3222,,1m,,,,,QuantData dark-flow; session price levels from dark-pool-levels
2026-08-18T10:16:00-04:00,MU,950.11,78977,75192867.31,,,,1555,,1m,,,,,QuantData dark-flow; session price levels from dark-pool-levels
2026-08-18T10:17:00-04:00,MU,950.65,60507,57615413.06,,,,2660,,1m,,,,,QuantData dark-flow; session price levels from dark-pool-levels
2026-08-18T10:18:00-04:00,MU,954.23,61517,58579953.14,,,,4331,,1m,,,,,QuantData dark-flow; session price levels from dark-pool-levels
2026-08-18T10:19:00-04:00,MU,953.34,81426,77712649.43,,,,935,,1m,,,,,QuantData dark-flow; session price levels from dark-pool-levels
2026-08-18T10:20:00-04:00,MU,954.36,39361,37538057.93,,,,2315,,1m,,,,,QuantData dark-flow; session price levels from dark-pool-levels
2026-08-18T10:21:00-04:00,MU,949.95,57429,54652387.54,,,,6271,,1m,,,,,QuantData dark-flow; session price levels from dark-pool-levels
2026-08-18T10:22:00-04:00,MU,950.9,53076,50448559.84,,,,1891,,1m,,,,,QuantData dark-flow; session price levels from dark-pool-levels
2026-08-18T10:23:00-04:00,MU,953.08,28944,27544852.67,,,,2000,,1m,,,,,QuantData dark-flow; session price levels from dark-pool-levels
2026-08-18T10:24:00-04:00,MU,950.55,36430,34686608.66,,,,2096,,1m,,,,,QuantData dark-flow; session price levels from dark-pool-levels
2026-08-18T10:25:00-04:00,MU,952.91,31313,29803847.38,,,,491,,1m,,,,,QuantData dark-flow; session price levels from dark-pool-levels
2026-08-18T10:26:00-04:00,MU,956.99,55166,52675103.48,,,,3838,,1m,,,,,QuantData dark-flow; session price levels from dark-pool-levels
2026-08-18T10:27:00-04:00,MU,956.45,63728,60914767.14,,,,1916,,1m,,,,,QuantData dark-flow; session price levels from dark-pool-levels
2026-08-18T10:28:00-04:00,MU,958.48,40101,38382597.87,,,,2387,,1m,,,,,QuantData dark-flow; session price levels from dark-pool-levels
2026-08-18T10:29:00-04:00,MU,957.47,35559,34050549.44,,,,992,,1m,,,,,QuantData dark-flow; session price levels from dark-pool-levels
2026-08-18T10:30:00-04:00,MU,956.6,28357,27141245.99,,,,2449,,1m,,,,,QuantData dark-flow; session price levels from dark-pool-levels
2026-08-18T10:31:00-04:00,MU,955.88,25158,24051700.13,,,,1582,,1m,,,,,QuantData dark-flow; session price levels from dark-pool-levels
2026-08-18T10:32:00-04:00,MU,956.44,42098,40270009.27,,,,6442,,1m,,,,,QuantData dark-flow; session price levels from dark-pool-levels
2026-08-18T10:33:00-04:00,MU,955.16,21950,20979165.2,,,,1931,,1m,,,,,QuantData dark-flow; session price levels from dark-pool-levels
2026-08-18T10:34:00-04:00,MU,954.16,36217,34575109.53,,,,1984,,1m,,,,,QuantData dark-flow; session price levels from dark-pool-levels
2026-08-18T10:35:00-04:00,MU,955.06,47731,45569470.19,,,,1013,,1m,,,,,QuantData dark-flow; session price levels from dark-pool-levels
2026-08-18T10:36:00-04:00,MU,956.51,30748,29394838.83,,,,2166,,1m,,,,,QuantData dark-flow; session price levels from dark-pool-levels
2026-08-18T10:37:00-04:00,MU,955.33,18417,17602124.02,,,,6014,,1m,,,,,QuantData dark-flow; session price levels from dark-pool-levels
2026-08-18T10:38:00-04:00,MU,953.92,26930,25710197.9,,,,1508,,1m,,,,,QuantData dark-flow; session price levels from dark-pool-levels
2026-08-18T10:39:00-04:00,MU,953.49,41823,39857388.59,,,,1144,,1m,,,,,QuantData dark-flow; session price levels from dark-pool-levels
2026-08-18T10:40:00-04:00,MU,952.25,38150,36319905.71,,,,1234,,1m,,,,,QuantData dark-flow; session price levels from dark-pool-levels
2026-08-18T10:41:00-04:00,MU,949.66,66232,62987350.79,,,,2411,,1m,,,,,QuantData dark-flow; session price levels from dark-pool-levels
2026-08-18T10:42:00-04:00,MU,950.78,62896,59814958.48,,,,11459,,1m,,,,,QuantData dark-flow; session price levels from dark-pool-levels
2026-08-18T10:43:00-04:00,MU,949.33,147468,140166351.45,,,,2264,,1m,,,,,QuantData dark-flow; session price levels from dark-pool-levels
2026-08-18T10:44:00-04:00,MU,946.97,81000,76783761.78,,,,1516,,1m,,,,,QuantData dark-flow; session price levels from dark-pool-levels
2026-08-18T10:45:00-04:00,MU,946.64,47733,45228629.46,,,,8855,,1m,,,,,QuantData dark-flow; session price levels from dark-pool-levels
2026-08-18T10:46:00-04:00,MU,946.96,67694,64040776.69,,,,877,,1m,,,,,QuantData dark-flow; session price levels from dark-pool-levels
2026-08-18T10:47:00-04:00,MU,946.43,43040,40719162.51,,,,4546,,1m,,,,,QuantData dark-flow; session price levels from dark-pool-levels
2026-08-18T10:48:00-04:00,MU,946.06,43882,41486271.52,,,,3111,,1m,,,,,QuantData dark-flow; session price levels from dark-pool-levels
2026-08-18T10:49:00-04:00,MU,945.37,45177,42681160.67,,,,4458,,1m,,,,,QuantData dark-flow; session price levels from dark-pool-levels
2026-08-18T10:50:00-04:00,MU,945.93,46071,43556815.71,,,,4005,,1m,,,,,QuantData dark-flow; session price levels from dark-pool-levels
2026-08-18T10:51:00-04:00,MU,944.2,38162,36060564.5,,,,7877,,1m,,,,,QuantData dark-flow; session price levels from dark-pool-levels
2026-08-18T10:52:00-04:00,MU,942.72,33036,31182743.45,,,,1946,,1m,,,,,QuantData dark-flow; session price levels from dark-pool-levels
2026-08-18T10:53:00-04:00,MU,941.72,73025,68767576.21,,,,3963,,1m,,,,,QuantData dark-flow; session price levels from dark-pool-levels
2026-08-18T10:54:00-04:00,MU,940.17,45031,42383103.86,,,,6025,,1m,,,,,QuantData dark-flow; session price levels from dark-pool-levels
2026-08-18T10:55:00-04:00,MU,940.58,78530,73841986.38,,,,4381,,1m,,,,,QuantData dark-flow; session price levels from dark-pool-levels
2026-08-18T10:56:00-04:00,MU,939.44,56899,53484217.49,,,,5951,,1m,,,,,QuantData dark-flow; session price levels from dark-pool-levels
2026-08-18T10:57:00-04:00,MU,937.75,93418,87668523.3,,,,1309,,1m,,,,,QuantData dark-flow; session price levels from dark-pool-levels
2026-08-18T10:58:00-04:00,MU,935.26,84437,79054774.56,,,,954,,1m,,,,,QuantData dark-flow; session price levels from dark-pool-levels
2026-08-18T10:59:00-04:00,MU,936.07,68569,64148521.29,,,,1537,,1m,,,,,QuantData dark-flow; session price levels from dark-pool-levels
2026-08-18T11:00:00-04:00,MU,935.67,88781,83137690.72,,,,3184,,1m,,,,,QuantData dark-flow; session price levels from dark-pool-levels
2026-08-18T11:01:00-04:00,MU,935.7,80549,75320892.63,,,,4836,,1m,,,,,QuantData dark-flow; session price levels from dark-pool-levels
2026-08-18T11:02:00-04:00,MU,937.21,42306,39597485.43,,,,2702,,1m,,,,,QuantData dark-flow; session price levels from dark-pool-levels
2026-08-18T11:03:00-04:00,MU,936.77,61025,57196078.73,,,,3720,,1m,,,,,QuantData dark-flow; session price levels from dark-pool-levels
2026-08-18T11:04:00-04:00,MU,939.42,68100,63941973.84,,,,3319,,1m,,,,,QuantData dark-flow; session price levels from dark-pool-levels
2026-08-18T11:05:00-04:00,MU,938.48,56815,53370421.77,,,,1143,,1m,,,,,QuantData dark-flow; session price levels from dark-pool-levels
2026-08-18T11:06:00-04:00,MU,939.28,30790,28917628.66,,,,1921,,1m,,,,,QuantData dark-flow; session price levels from dark-pool-levels
2026-08-18T11:07:00-04:00,MU,939.58,28954,27182481.11,,,,2385,,1m,,,,,QuantData dark-flow; session price levels from dark-pool-levels
2026-08-18T11:08:00-04:00,MU,936.9,75907,71149934.35,,,,1205,,1m,,,,,QuantData dark-flow; session price levels from dark-pool-levels
2026-08-18T11:09:00-04:00,MU,934.62,74841,69950869.84,,,,1931,,1m,,,,,QuantData dark-flow; session price levels from dark-pool-levels
2026-08-18T11:10:00-04:00,MU,934.74,65038,60697797.98,,,,2456,,1m,,,,,QuantData dark-flow; session price levels from dark-pool-levels
2026-08-18T11:11:00-04:00,MU,934.0,39813,37203518.19,,,,4159,,1m,,,,,QuantData dark-flow; session price levels from dark-pool-levels
2026-08-18T11:12:00-04:00,MU,936.0,32499,30381457.96,,,,4834,,1m,,,,,QuantData dark-flow; session price levels from dark-pool-levels
2026-08-18T11:13:00-04:00,MU,935.23,35150,32864183.69,,,,3602,,1m,,,,,QuantData dark-flow; session price levels from dark-pool-levels
2026-08-18T11:14:00-04:00,MU,937.35,28630,26791101.02,,,,3498,,1m,,,,,QuantData dark-flow; session price levels from dark-pool-levels
2026-08-18T11:15:00-04:00,MU,938.3,60091,56347952.56,,,,1267,,1m,,,,,QuantData dark-flow; session price levels from dark-pool-levels
2026-08-18T11:16:00-04:00,MU,938.21,55850,52423532.39,,,,2811,,1m,,,,,QuantData dark-flow; session price levels from dark-pool-levels
2026-08-18T11:17:00-04:00,MU,938.02,30019,28179218.32,,,,2606,,1m,,,,,QuantData dark-flow; session price levels from dark-pool-levels
2026-08-18T11:18:00-04:00,MU,937.28,34162,32041195.4,,,,2468,,1m,,,,,QuantData dark-flow; session price levels from dark-pool-levels
2026-08-18T11:19:00-04:00,MU,936.26,31206,29239681.1,,,,1476,,1m,,,,,QuantData dark-flow; session price levels from dark-pool-levels
2026-08-18T11:20:00-04:00,MU,936.33,74859,70081545.9,,,,3966,,1m,,,,,QuantData dark-flow; session price levels from dark-pool-levels
2026-08-18T11:21:00-04:00,MU,936.56,41372,38744311.93,,,,5252,,1m,,,,,QuantData dark-flow; session price levels from dark-pool-levels
2026-08-18T11:22:00-04:00,MU,940.01,68912,64681513.89,,,,8321,,1m,,,,,QuantData dark-flow; session price levels from dark-pool-levels
2026-08-18T11:23:00-04:00,MU,940.8,48368,45471120.17,,,,3023,,1m,,,,,QuantData dark-flow; session price levels from dark-pool-levels
2026-08-18T11:24:00-04:00,MU,941.45,63452,59739396.5,,,,8136,,1m,,,,,QuantData dark-flow; session price levels from dark-pool-levels
2026-08-18T11:25:00-04:00,MU,942.08,63630,59975161.52,,,,2208,,1m,,,,,QuantData dark-flow; session price levels from dark-pool-levels
2026-08-18T11:26:00-04:00,MU,939.54,35228,33157279.53,,,,1785,,1m,,,,,QuantData dark-flow; session price levels from dark-pool-levels
2026-08-18T11:27:00-04:00,MU,938.64,37565,35277262.69,,,,1658,,1m,,,,,QuantData dark-flow; session price levels from dark-pool-levels
2026-08-18T11:28:00-04:00,MU,941.06,34471,32405277.33,,,,2143,,1m,,,,,QuantData dark-flow; session price levels from dark-pool-levels
2026-08-18T11:29:00-04:00,MU,942.63,46694,44001269.38,,,,1769,,1m,,,,,QuantData dark-flow; session price levels from dark-pool-levels
2026-08-18T11:30:00-04:00,MU,943.23,45025,42446716.66,,,,2155,,1m,,,,,QuantData dark-flow; session price levels from dark-pool-levels
2026-08-18T11:31:00-04:00,MU,942.5,47810,45106020.96,,,,4313,,1m,,,,,QuantData dark-flow; session price levels from dark-pool-levels
2026-08-18T11:32:00-04:00,MU,943.42,29214,27554037.28,,,,1782,,1m,,,,,QuantData dark-flow; session price levels from dark-pool-levels
2026-08-18T11:33:00-04:00,MU,944.46,40378,38116649.3,,,,3063,,1m,,,,,QuantData dark-flow; session price levels from dark-pool-levels
2026-08-18T11:34:00-04:00,MU,943.85,28488,26889548.55,,,,5452,,1m,,,,,QuantData dark-flow; session price levels from dark-pool-levels
2026-08-18T11:35:00-04:00,MU,942.4,36899,34774159.27,,,,3298,,1m,,,,,QuantData dark-flow; session price levels from dark-pool-levels
2026-08-18T11:36:00-04:00,MU,941.65,31846,29984203.68,,,,5540,,1m,,,,,QuantData dark-flow; session price levels from dark-pool-levels
2026-08-18T11:37:00-04:00,MU,939.96,32166,30240874.79,,,,2204,,1m,,,,,QuantData dark-flow; session price levels from dark-pool-levels
2026-08-18T11:38:00-04:00,MU,940.15,18131,17047147.65,,,,2951,,1m,,,,,QuantData dark-flow; session price levels from dark-pool-levels
2026-08-18T11:39:00-04:00,MU,940.13,20392,19168430.96,,,,5650,,1m,,,,,QuantData dark-flow; session price levels from dark-pool-levels
2026-08-18T11:40:00-04:00,MU,940.67,28145,26447268.73,,,,2980,,1m,,,,,QuantData dark-flow; session price levels from dark-pool-levels
2026-08-18T11:41:00-04:00,MU,942.04,37194,34997711.4,,,,2439,,1m,,,,,QuantData dark-flow; session price levels from dark-pool-levels
2026-08-18T11:42:00-04:00,MU,942.11,29023,27352350.83,,,,2429,,1m,,,,,QuantData dark-flow; session price levels from dark-pool-levels
2026-08-18T11:43:00-04:00,MU,942.54,17425,16419426.76,,,,3762,,1m,,,,,QuantData dark-flow; session price levels from dark-pool-levels
2026-08-18T11:44:00-04:00,MU,941.85,17530,16514410.3,,,,2889,,1m,,,,,QuantData dark-flow; session price levels from dark-pool-levels
2026-08-18T11:45:00-04:00,MU,943.41,21995,20732298.75,,,,2539,,1m,,,,,QuantData dark-flow; session price levels from dark-pool-levels
2026-08-18T11:46:00-04:00,MU,944.65,40698,38409694.58,,,,4334,,1m,,,,,QuantData dark-flow; session price levels from dark-pool-levels
2026-08-18T11:47:00-04:00,MU,945.91,51158,48388021.15,,,,5209,,1m,,,,,QuantData dark-flow; session price levels from dark-pool-levels
2026-08-18T11:48:00-04:00,MU,945.69,48271,45671513.33,,,,2290,,1m,,,,,QuantData dark-flow; session price levels from dark-pool-levels
2026-08-18T11:49:00-04:00,MU,945.55,34836,32944435.51,,,,2577,,1m,,,,,QuantData dark-flow; session price levels from dark-pool-levels
2026-08-18T11:50:00-04:00,MU,944.0,29696,28046365.96,,,,11038,,1m,,,,,QuantData dark-flow; session price levels from dark-pool-levels
2026-08-18T11:51:00-04:00,MU,944.91,33169,31324761.62,,,,1838,,1m,,,,,QuantData dark-flow; session price levels from dark-pool-levels
2026-08-18T11:52:00-04:00,MU,945.77,24312,22978330.39,,,,3818,,1m,,,,,QuantData dark-flow; session price levels from dark-pool-levels
2026-08-18T11:53:00-04:00,MU,945.12,34750,32875739.25,,,,2941,,1m,,,,,QuantData dark-flow; session price levels from dark-pool-levels
2026-08-18T11:54:00-04:00,MU,945.9,19638,18573658.58,,,,4614,,1m,,,,,QuantData dark-flow; session price levels from dark-pool-levels
2026-08-18T11:55:00-04:00,MU,946.96,33623,31819563.53,,,,877,,1m,,,,,QuantData dark-flow; session price levels from dark-pool-levels
2026-08-18T11:56:00-04:00,MU,946.77,31061,29409676.16,,,,573,,1m,,,,,QuantData dark-flow; session price levels from dark-pool-levels
2026-08-18T11:57:00-04:00,MU,944.97,26604,25162318.94,,,,1264,,1m,,,,,QuantData dark-flow; session price levels from dark-pool-levels
2026-08-18T11:58:00-04:00,MU,943.69,21746,20537720.43,,,,4050,,1m,,,,,QuantData dark-flow; session price levels from dark-pool-levels
2026-08-18T11:59:00-04:00,MU,945.29,27025,25518001.54,,,,3124,,1m,,,,,QuantData dark-flow; session price levels from dark-pool-levels
2026-08-18T12:00:00-04:00,MU,946.28,30337,28697262.93,,,,3028,,1m,,,,,QuantData dark-flow; session price levels from dark-pool-levels
2026-08-18T12:01:00-04:00,MU,946.12,23332,22074289.36,,,,5381,,1m,,,,,QuantData dark-flow; session price levels from dark-pool-levels
2026-08-18T12:02:00-04:00,MU,946.12,17074,16152149.97,,,,5381,,1m,,,,,QuantData dark-flow; session price levels from dark-pool-levels
2026-08-18T12:03:00-04:00,MU,945.06,18032,17049111.96,,,,2637,,1m,,,,,QuantData dark-flow; session price levels from dark-pool-levels
2026-08-18T12:04:00-04:00,MU,944.66,20521,19383288.92,,,,3988,,1m,,,,,QuantData dark-flow; session price levels from dark-pool-levels
2026-08-18T12:05:00-04:00,MU,945.06,24696,23327675.49,,,,2637,,1m,,,,,QuantData dark-flow; session price levels from dark-pool-levels
2026-08-18T12:06:00-04:00,MU,944.76,21435,20252401.45,,,,6790,,1m,,,,,QuantData dark-flow; session price levels from dark-pool-levels
2026-08-18T12:07:00-04:00,MU,945.61,22131,20887403.24,,,,3028,,1m,,,,,QuantData dark-flow; session price levels from dark-pool-levels
2026-08-18T12:08:00-04:00,MU,944.68,23303,22018896.5,,,,4388,,1m,,,,,QuantData dark-flow; session price levels from dark-pool-levels
2026-08-18T12:09:00-04:00,MU,944.03,24643,23265941.46,,,,1648,,1m,,,,,QuantData dark-flow; session price levels from dark-pool-levels
2026-08-18T12:10:00-04:00,MU,944.45,16168,15263161.93,,,,3744,,1m,,,,,QuantData dark-flow; session price levels from dark-pool-levels
2026-08-18T12:11:00-04:00,MU,944.64,16859,15915762.14,,,,3685,,1m,,,,,QuantData dark-flow; session price levels from dark-pool-levels
2026-08-18T12:12:00-04:00,MU,944.58,14160,13374553.95,,,,4135,,1m,,,,,QuantData dark-flow; session price levels from dark-pool-levels
2026-08-18T12:13:00-04:00,MU,943.55,18127,17107263.56,,,,2132,,1m,,,,,QuantData dark-flow; session price levels from dark-pool-levels
2026-08-18T12:14:00-04:00,MU,942.15,27167,25615391.76,,,,3037,,1m,,,,,QuantData dark-flow; session price levels from dark-pool-levels
2026-08-18T12:15:00-04:00,MU,941.55,35919,33835942.47,,,,5364,,1m,,,,,QuantData dark-flow; session price levels from dark-pool-levels
2026-08-18T12:16:00-04:00,MU,942.31,16671,15707287.49,,,,2919,,1m,,,,,QuantData dark-flow; session price levels from dark-pool-levels
2026-08-18T12:17:00-04:00,MU,941.55,20278,19102475.08,,,,5364,,1m,,,,,QuantData dark-flow; session price levels from dark-pool-levels
2026-08-18T12:18:00-04:00,MU,940.63,23637,22249995.31,,,,3875,,1m,,,,,QuantData dark-flow; session price levels from dark-pool-levels
2026-08-18T12:19:00-04:00,MU,940.16,37738,35484472.77,,,,6759,,1m,,,,,QuantData dark-flow; session price levels from dark-pool-levels
2026-08-18T12:20:00-04:00,MU,941.21,31913,30029071.27,,,,2732,,1m,,,,,QuantData dark-flow; session price levels from dark-pool-levels
2026-08-18T12:21:00-04:00,MU,942.53,41133,38738801.33,,,,6242,,1m,,,,,QuantData dark-flow; session price levels from dark-pool-levels
2026-08-18T12:22:00-04:00,MU,943.01,23260,21926595.2,,,,2781,,1m,,,,,QuantData dark-flow; session price levels from dark-pool-levels
2026-08-18T12:23:00-04:00,MU,941.73,18016,16965482.92,,,,5067,,1m,,,,,QuantData dark-flow; session price levels from dark-pool-levels
2026-08-18T12:24:00-04:00,MU,941.24,11723,11034589.65,,,,1180,,1m,,,,,QuantData dark-flow; session price levels from dark-pool-levels
2026-08-18T12:25:00-04:00,MU,941.3,17417,16391163.91,,,,5014,,1m,,,,,QuantData dark-flow; session price levels from dark-pool-levels
