timestamp,option_symbol,underlying,expiration,dte,strike,call_put,trade_price,bid,ask,trade_size,premium,volume,open_interest,underlying_price,iv,delta,exchange,trade_condition,sweep,block,multi_leg,aggressor_side,opening_closing_inference,moneyness,source
2026-08-19T09:40:39.786000-04:00,,CBRS,2026-09-18,30.305092592592597,300.0,call,4.6,4.4,5.3,100,46000.0,113,892,208.32,107.33604431152344,0.15583552217247088,PHIL,AUCT,false,true,false,bid,unknown,OUT_OF_THE_MONEY,QuantData order-flow/consolidated (latest page only)
2026-08-19T09:41:06.116000-04:00,,CBRS,2026-08-21,2.3047800925925928,230.0,call,2.2,2.2,2.55,169,37252.0,270,2143,208.74,131.6547393798828,0.1917654619105214,MULTIPLE,ISO,true,false,false,bid,unknown,OUT_OF_THE_MONEY,QuantData order-flow/consolidated (latest page only)
2026-08-19T09:41:55.003000-04:00,,CBRS,2026-09-18,30.304212962962964,280.0,call,6.4,5.9,6.4,200,128000.0,207,294,208.29,104.66575622558594,0.20697462314890258,PERL,AUTO,false,true,false,ask,unknown,OUT_OF_THE_MONEY,QuantData order-flow/consolidated (latest page only)
2026-08-19T09:44:21.305000-04:00,,CBRS,2026-08-28,9.302523148148149,250.0,call,4.38,3.8,4.4,100,43800.0,120,677,212.0,115.82374572753906,0.2142038841180356,BOST,MULTI_AUCT_COB,false,false,true,ask,unknown,OUT_OF_THE_MONEY,QuantData order-flow/consolidated (latest page only)
2026-08-19T09:44:21.305000-04:00,,CBRS,2026-08-28,9.302523148148149,275.0,call,2.2,1.85,2.2,100,22000.0,117,80,212.0,125.07438659667969,0.11558331367927716,BOST,MULTI_AUCT_COB,false,false,true,ask,opening,OUT_OF_THE_MONEY,QuantData order-flow/consolidated (latest page only)
2026-08-19T09:48:46.881000-04:00,,CBRS,2026-08-21,2.2994560185185184,205.0,put,5.6,5.6,5.8,100,56000.0,177,875,209.36,116.01448059082031,-0.39053181353838556,C2,AUTO,false,false,false,bid,unknown,OUT_OF_THE_MONEY,QuantData order-flow/consolidated (latest page only)
2026-08-19T09:51:42.270000-04:00,,CBRS,2026-08-21,2.2974189814814814,235.0,call,1.25,1.15,1.25,150,18750.0,191,604,205.4,137.18605041503906,0.1191644693432411,PERL,AUTO,false,false,false,ask,unknown,OUT_OF_THE_MONEY,QuantData order-flow/consolidated (latest page only)
2026-08-19T09:53:07.638000-04:00,,CBRS,2026-08-21,2.296435185185185,230.0,call,1.65,1.6,1.65,100,16500.0,487,2143,205.19,133.37135314941406,0.1532274139521272,ISEX,AUTO,false,false,false,ask,unknown,OUT_OF_THE_MONEY,QuantData order-flow/consolidated (latest page only)
2026-08-19T10:09:27.099000-04:00,,CBRS,2026-10-16,58.2850925925926,125.0,put,1.66,1.3,2.35,9500,1577000.0,9501,18747,204.54,84.92469787597656,-0.05013237790361741,PHIL,AUCT,false,true,false,bid,unknown,OUT_OF_THE_MONEY,QuantData order-flow/consolidated (latest page only)
2026-08-19T10:15:50.967000-04:00,,CBRS,2026-08-21,2.280659722222222,210.0,call,4.48,4.1,4.9,250,112003.0,343,619,201.28,124.69291687011719,0.3527126957915196,MIAX,AUCT,false,false,false,bid,unknown,OUT_OF_THE_MONEY,QuantData order-flow/consolidated (latest page only)
2026-08-19T10:28:29.954000-04:00,,CBRS,2026-09-18,30.271874999999998,300.0,call,4.2,3.8,4.2,100,42000.0,356,892,205.84,107.14530944824219,0.14602300554449316,MEMX,AUTO,false,false,false,ask,unknown,OUT_OF_THE_MONEY,QuantData order-flow/consolidated (latest page only)
2026-08-19T10:30:34.416000-04:00,,CBRS,2026-08-21,2.2704282407407406,230.0,call,1.5,1.5,1.7,144,21602.0,702,2143,205.85,127.55393981933594,0.1469213804292681,MULTIPLE,AUTO,true,false,false,bid,unknown,OUT_OF_THE_MONEY,QuantData order-flow/consolidated (latest page only)
2026-08-19T10:30:40.224000-04:00,,CBRS,2026-08-21,2.2703587962962963,230.0,call,1.5,1.5,1.7,136,20400.0,849,2143,205.92,127.26783752441406,0.1473000054923324,MULTIPLE,AUTO,true,false,false,bid,unknown,OUT_OF_THE_MONEY,QuantData order-flow/consolidated (latest page only)
2026-08-19T10:38:15.314000-04:00,,CBRS,2026-08-28,9.265092592592593,205.0,call,14.77,13.8,15.7,100,147700.0,192,38,208.62,97.03636169433594,0.5787727671611067,SPHR,M2M_FLR,false,true,false,ask,opening,IN_THE_MONEY,QuantData order-flow/consolidated (latest page only)
2026-08-19T10:38:15.314000-04:00,,CBRS,2026-08-28,9.265092592592593,202.5,call,16.04,15.1,17.0,100,160400.0,166,3,208.62,96.55952453613281,0.6097430502889801,SPHR,M2M_FLR,false,true,false,bid,opening,IN_THE_MONEY,QuantData order-flow/consolidated (latest page only)
2026-08-19T10:48:09.976000-04:00,,CBRS,2026-09-18,30.258217592592597,260.0,call,9.3,8.0,9.3,7000,6510000.0,7006,329,208.39,103.23524475097656,0.2804673443464141,AMEX,FLR,false,true,false,ask,opening,OUT_OF_THE_MONEY,QuantData order-flow/consolidated (latest page only)
2026-08-19T10:53:48.409000-04:00,,CBRS,2026-08-21,2.2542939814814815,230.0,call,2.0,1.6,2.0,100,20000.0,1014,2143,210.5,121.16432189941406,0.1896568776324642,MEMX,AUTO,false,true,false,ask,unknown,OUT_OF_THE_MONEY,QuantData order-flow/consolidated (latest page only)
2026-08-19T10:55:29.147000-04:00,,CBRS,2026-08-21,2.2531250000000003,210.0,call,8.59,7.8,8.6,244,209834.0,1089,619,211.25,119.92454528808594,0.5451357534498805,MULTIPLE,ISO,true,false,false,ask,unknown,AT_THE_MONEY,QuantData order-flow/consolidated (latest page only)
2026-08-19T11:00:46.550000-04:00,,CBRS,2026-11-20,93.29112268518519,195.0,put,30.0,28.4,30.0,100,300000.0,100,49,211.4,96.08268737792969,-0.3316433837215599,MULTIPLE,AUTO,true,false,false,ask,opening,OUT_OF_THE_MONEY,QuantData order-flow/consolidated (latest page only)
2026-08-19T11:09:01.600000-04:00,,CBRS,2026-10-16,58.24372685185185,180.0,put,15.25,14.0,16.5,100,152500.0,216,403,211.34,93.12629699707031,-0.261480169687548,EDGX,MULTI_AUTO_COB,false,true,true,mid,unknown,OUT_OF_THE_MONEY,QuantData order-flow/consolidated (latest page only)
2026-08-19T11:17:43.720000-04:00,,CBRS,2026-09-18,30.237685185185185,230.0,call,16.69,15.6,16.7,121,202024.0,437,337,210.95,98.08540344238281,0.4402998568765414,MULTIPLE,ISO,true,false,false,ask,unknown,OUT_OF_THE_MONEY,QuantData order-flow/consolidated (latest page only)
2026-08-19T11:25:47.574000-04:00,,CBRS,2026-08-21,2.232083333333333,190.0,call,21.75,19.8,23.8,200,435000.0,218,140,210.25,123.16703796386719,0.8650254065923823,MIAX,MULTI_AUCT_COB,false,false,true,bid,opening,IN_THE_MONEY,QuantData order-flow/consolidated (latest page only)
2026-08-19T11:25:47.574000-04:00,,CBRS,2026-08-21,2.232083333333333,200.0,call,13.65,12.1,15.1,200,273000.0,275,2079,210.25,115.34690856933594,0.7266769124599642,MIAX,MULTI_AUCT_COB,false,false,true,ask,unknown,IN_THE_MONEY,QuantData order-flow/consolidated (latest page only)
2026-08-19T11:33:19.898000-04:00,,CBRS,2026-09-18,30.22685185185185,280.0,call,6.86,6.4,7.2,124,85111.0,372,294,210.86,104.28428649902344,0.2172124786655304,MULTIPLE,MULTI_AUTO_COB,true,false,true,ask,unknown,OUT_OF_THE_MONEY,QuantData order-flow/consolidated (latest page only)
2026-08-19T11:41:26.161000-04:00,,CBRS,2026-09-18,30.221215277777777,200.0,put,17.0,17.0,17.7,100,170000.0,341,958,208.97,92.26799011230469,-0.3769063081274591,ISEX,AUTO,false,true,false,bid,unknown,OUT_OF_THE_MONEY,QuantData order-flow/consolidated (latest page only)
2026-08-19T11:51:41.881000-04:00,,CBRS,2026-09-18,30.214097222222225,200.0,put,16.5,16.0,17.7,100,165000.0,442,958,209.63,91.12358093261719,-0.3721063813553571,CBOE,AUTO,false,false,false,bid,unknown,OUT_OF_THE_MONEY,QuantData order-flow/consolidated (latest page only)
2026-08-19T12:06:15.904000-04:00,,CBRS,2026-08-28,9.203981481481481,222.5,call,8.1,8.1,10.1,220,178244.0,243,74,210.32,96.46415710449219,0.3886226945076862,MULTIPLE,AUTO,true,false,false,bid,opening,OUT_OF_THE_MONEY,QuantData order-flow/consolidated (latest page only)
2026-08-19T12:32:36.012000-04:00,,CBRS,2026-08-21,2.1856828703703703,237.5,call,1.13,1.0,1.25,100,11300.0,204,1296,210.64,125.26512145996094,0.11760163661228501,PHIL,MULTI_AUTO_COB,false,true,true,ask,unknown,OUT_OF_THE_MONEY,QuantData order-flow/consolidated (latest page only)
2026-08-19T12:53:22.136000-04:00,,CBRS,2026-08-21,2.1712615740740744,240.0,call,0.9,0.9,0.95,147,13230.0,407,1819,209.9,128.1261444091797,0.09608734443189543,MULTIPLE,AUTO,true,false,false,bid,unknown,OUT_OF_THE_MONEY,QuantData order-flow/consolidated (latest page only)
2026-08-19T13:04:13.567000-04:00,,CBRS,2028-06-16,667.163726851852,350.0,call,76.2,72.5,80.0,50,381000.0,50,50,210.07,93.41239929199219,0.6175737485713213,CBOE,MULTI_AUCT_COB,false,false,true,bid,unknown,OUT_OF_THE_MONEY,QuantData order-flow/consolidated (latest page only)
2026-08-19T13:04:13.567000-04:00,,CBRS,2028-06-16,667.163726851852,450.0,call,64.03,60.0,68.0,50,320150.0,50,1,210.07,94.17533874511719,0.5435890933673009,CBOE,MULTI_AUCT_COB,false,false,true,ask,opening,OUT_OF_THE_MONEY,QuantData order-flow/consolidated (latest page only)
2026-08-19T13:06:15.075000-04:00,,CBRS,2026-08-28,9.162314814814815,300.0,call,0.77,0.7,0.85,600,46200.0,1074,1625,210.62,125.74195861816406,0.04756604435866857,MULTIPLE,MULTI_AUTO_COB,true,false,true,bid,unknown,OUT_OF_THE_MONEY,QuantData order-flow/consolidated (latest page only)
2026-08-19T13:06:15.075000-04:00,,CBRS,2026-08-28,9.162314814814815,250.0,call,3.3,3.2,3.5,200,66170.0,625,677,210.62,108.00361633300781,0.18185670905865942,MULTIPLE,MULTI_AUTO_COB,true,false,true,bid,unknown,OUT_OF_THE_MONEY,QuantData order-flow/consolidated (latest page only)
2026-08-19T13:07:36.095000-04:00,,CBRS,2026-08-28,9.161377314814816,220.0,call,9.24,8.9,9.6,250,231224.0,508,331,209.81,100.46958923339844,0.41657912680558085,MULTIPLE,MULTI_AUTO_COB,true,false,true,bid,unknown,OUT_OF_THE_MONEY,QuantData order-flow/consolidated (latest page only)
2026-08-19T13:07:36.095000-04:00,,CBRS,2026-08-28,9.161377314814816,250.0,call,3.26,3.2,3.5,250,81717.0,887,677,209.81,109.24339294433594,0.1789647489415434,MULTIPLE,MULTI_AUTO_COB,true,false,true,bid,unknown,OUT_OF_THE_MONEY,QuantData order-flow/consolidated (latest page only)
2026-08-19T13:13:43.831000-04:00,,CBRS,2026-08-28,9.15712962962963,225.0,call,7.3,6.9,7.3,200,146000.0,280,194,209.0,100.56495666503906,0.3537073302176429,MULTIPLE,AUTO,true,false,false,ask,opening,OUT_OF_THE_MONEY,QuantData order-flow/consolidated (latest page only)
2026-08-19T13:13:44.047000-04:00,,CBRS,2026-08-28,9.157118055555555,230.0,call,6.33,6.0,6.8,114,72179.0,217,82,209.0,103.90281677246094,0.3113000122004784,MULTIPLE,MULTI_AUTO_COB,true,false,true,bid,opening,OUT_OF_THE_MONEY,QuantData order-flow/consolidated (latest page only)
2026-08-19T13:13:44.047000-04:00,,CBRS,2026-08-28,9.157118055555555,260.0,call,2.34,2.1,2.6,114,26743.0,166,223,209.0,114.01176452636719,0.13298085672249083,MULTIPLE,MULTI_AUTO_COB,true,false,true,bid,unknown,OUT_OF_THE_MONEY,QuantData order-flow/consolidated (latest page only)
2026-08-19T13:15:12.687000-04:00,,CBRS,2026-08-21,2.156099537037037,200.0,put,2.9,2.8,3.0,100,29000.0,1284,3890,208.5,100.18348693847656,-0.2800664679680371,BATS,MULTI_AUTO_COB,false,true,true,mid,unknown,OUT_OF_THE_MONEY,QuantData order-flow/consolidated (latest page only)
2026-08-19T13:15:12.687000-04:00,,CBRS,2026-08-21,2.156099537037037,202.5,put,3.85,3.7,4.0,100,38500.0,286,259,208.5,102.09083557128906,-0.33908187623760566,BATS,MULTI_AUTO_COB,false,true,true,mid,unknown,OUT_OF_THE_MONEY,QuantData order-flow/consolidated (latest page only)
2026-08-19T13:20:43.376000-04:00,,CBRS,2026-08-28,9.152268518518518,260.0,call,2.23,2.1,2.45,129,28773.0,579,223,208.7,112.96272277832031,0.12888230196324257,MULTIPLE,MULTI_AUTO_COB,true,false,true,bid,unknown,OUT_OF_THE_MONEY,QuantData order-flow/consolidated (latest page only)
2026-08-19T13:20:43.376000-04:00,,CBRS,2026-08-28,9.152268518518518,230.0,call,6.23,6.0,6.5,129,80373.0,630,82,208.7,103.90281677246094,0.3081569408990755,MULTIPLE,MULTI_AUTO_COB,true,false,true,bid,opening,OUT_OF_THE_MONEY,QuantData order-flow/consolidated (latest page only)
2026-08-19T13:43:11.823000-04:00,,CBRS,2026-08-21,2.1366666666666667,230.0,call,1.66,1.5,1.8,100,16600.0,1376,2143,208.91,123.07167053222656,0.1658305438575594,BOST,MULTI_AUCT_COB,false,false,true,ask,unknown,OUT_OF_THE_MONEY,QuantData order-flow/consolidated (latest page only)
2026-08-19T15:27:42.923000-04:00,,CBRS,2026-08-28,9.064085648148149,250.0,call,3.3,3.0,3.6,102,33690.0,1073,677,212.13,105.52406311035156,0.1849374539810077,MULTIPLE,MULTI_AUTO_COB,true,false,true,mid,unknown,OUT_OF_THE_MONEY,QuantData order-flow/consolidated (latest page only)
2026-08-19T15:27:42.923000-04:00,,CBRS,2026-08-28,9.064085648148149,220.0,call,9.85,9.4,10.5,102,100515.0,615,331,212.13,98.08540344238281,0.4402985502806538,MULTIPLE,MULTI_AUTO_COB,true,false,true,bid,unknown,OUT_OF_THE_MONEY,QuantData order-flow/consolidated (latest page only)
2026-08-19T15:32:30.253000-04:00,,CBRS,2027-01-15,149.1024189814815,500.0,call,11.5,9.5,11.5,100,115000.0,383,1755,212.52,107.33604431152344,0.19071272197933498,GEMI,AUTO,false,true,false,ask,unknown,OUT_OF_THE_MONEY,QuantData order-flow/consolidated (latest page only)
2026-08-19T15:34:24.517000-04:00,,CBRS,2026-09-18,30.059432870370372,280.0,call,7.06,6.4,7.1,438,309379.0,1136,294,212.4,103.80744934082031,0.2223476337945831,MULTIPLE,ISO,true,false,false,ask,opening,OUT_OF_THE_MONEY,QuantData order-flow/consolidated (latest page only)
2026-08-19T15:34:29.538000-04:00,,CBRS,2026-09-18,30.059375,280.0,call,7.07,6.4,7.1,296,209460.0,1432,294,212.57,103.71208190917969,0.22256641147309048,MULTIPLE,ISO,true,false,false,ask,opening,OUT_OF_THE_MONEY,QuantData order-flow/consolidated (latest page only)
2026-08-19T15:43:12.222000-04:00,,CBRS,2026-08-28,9.053321759259259,300.0,call,0.78,0.65,0.95,135,10530.0,1446,1625,211.78,125.16975402832031,0.04836276327478395,AMEX,MULTI_AUTO_COB,false,true,true,bid,unknown,OUT_OF_THE_MONEY,QuantData order-flow/consolidated (latest page only)
2026-08-19T15:45:22.841000-04:00,,CBRS,2026-08-21,2.05181712962963,217.5,call,4.9,4.5,5.3,100,49000.0,504,219,212.31,111.62757873535156,0.4039164762125671,MEMX,AUTO,false,true,false,mid,unknown,OUT_OF_THE_MONEY,QuantData order-flow/consolidated (latest page only)
2026-08-19T15:55:48.457000-04:00,,CBRS,2026-09-18,30.04457175925926,260.0,call,10.09,9.6,10.0,2741,2768380.0,12074,329,212.77,101.23252868652344,0.2976317318680457,MULTIPLE,AUTO,true,false,false,unknown,opening,OUT_OF_THE_MONEY,QuantData order-flow/consolidated (latest page only)
2026-08-19T15:56:04.393000-04:00,,CBRS,2026-09-18,30.04438657407407,260.0,call,10.5,10.5,10.8,884,928200.0,12958,329,213.55,102.09083557128906,0.3046558770237442,MULTIPLE,AUTO,true,false,false,bid,opening,OUT_OF_THE_MONEY,QuantData order-flow/consolidated (latest page only)
2026-08-19T15:56:14.259000-04:00,,CBRS,2026-09-18,30.044270833333332,260.0,call,10.5,10.5,10.8,111,116550.0,13074,329,214.25,101.13716125488281,0.3059544405246678,EDGX,AUTO,false,true,false,bid,unknown,OUT_OF_THE_MONEY,QuantData order-flow/consolidated (latest page only)
2026-08-19T15:56:16.320000-04:00,,CBRS,2026-09-18,30.044247685185184,260.0,call,10.5,10.5,10.8,440,462013.0,13514,329,214.19,101.23252868652344,0.3056159911413734,MULTIPLE,AUTO,true,false,false,bid,opening,OUT_OF_THE_MONEY,QuantData order-flow/consolidated (latest page only)
2026-08-19T15:56:55.476000-04:00,,CBRS,2026-10-16,58.0437962962963,260.0,put,63.53,60.6,66.3,35,222355.0,35,107,215.34,103.42597961425781,-0.5914015834314131,CBOE,MULTI_AUCT_COB,false,false,true,ask,unknown,IN_THE_MONEY,QuantData order-flow/consolidated (latest page only)
2026-08-19T15:57:04.702000-04:00,,CBRS,2026-09-18,30.04369212962963,260.0,call,10.99,10.3,11.2,2800,3079994.0,16384,329,215.42,101.70936584472656,0.31411706959107194,PHIL,AUCT,false,false,false,ask,opening,OUT_OF_THE_MONEY,QuantData order-flow/consolidated (latest page only)
2026-08-19T15:59:57.222000-04:00,,CBRS,2026-08-21,2.041689814814815,245.0,call,0.4,0.4,2.2,301,12068.0,1384,1281,215.75,104.76112365722656,0.057150167161462706,MULTIPLE,AUTO,true,false,false,bid,unknown,OUT_OF_THE_MONEY,QuantData order-flow/consolidated (latest page only)
